county,00L13,01L13,02L13,03L13,04L13,05L13,06L13,07L13,08L13,09L13,10L13,11L13,12L13,13L13,14L13,15L13,16L13,17L13,18L13,19L13,20L13,21L13,22L13,23L13,24L13,25L13,26L13,27L13,28L13,29L13,30L13,31L13,32L13,33L13,34L13,35L13,36L13,37L13,38L13,39L13,40L13,41L13,42L13,43L13,44L13,45L13,46L13,47L13,00L14,01L14,02L14,03L14,04L14,05L14,06L14,07L14,08L14,09L14,10L14,11L14,12L14,13L14,14L14,15L14,16L14,17L14,18L14,19L14,20L14,21L14,22L14,23L14,24L14,25L14,26L14,27L14,28L14,29L14,30L14,31L14,32L14,33L14,34L14,35L14,36L14,37L14,38L14,39L14,40L14,41L14,42L14,43L14,44L14,45L14,46L14,47L14,00L15,01L15,02L15,03L15,04L15,05L15,06L15,07L15,08L15,09L15,10L15,11L15,12L15,13L15,14L15,15L15,16L15,17L15,18L15,19L15,20L15,21L15,22L15,23L15,24L15,25L15,26L15,27L15,28L15,29L15,30L15,31L15,32L15,33L15,34L15,35L15,36L15,37L15,38L15,39L15,40L15,41L15,42L15,43L15,44L15,45L15,46L15,47L15,00L16,01L16,02L16,03L16,04L16,05L16,06L16,07L16,08L16,09L16,10L16,11L16,12L16,13L16,14L16,15L16,16L16,17L16,18L16,19L16,20L16,21L16,22L16,23L16,24L16,25L16,26L16,27L16,28L16,29L16,30L16,31L16,32L16,33L16,34L16,35L16,36L16,37L16,38L16,39L16,40L16,41L16,42L16,43L16,44L16,45L16,46L16,47L16,00L17,01L17,02L17,03L17,04L17,05L17,06L17,07L17,08L17,09L17,10L17,11L17,12L17,13L17,14L17,15L17,16L17,17L17,18L17,19L17,20L17,21L17,22L17,23L17,24L17,25L17,26L17,27L17,28L17,29L17,30L17,31L17,32L17,33L17,34L17,35L17,36L17,37L17,38L17,39L17,40L17,41L17,42L17,43L17,44L17,45L17,46L17,47L17,00L18,01L18,02L18,03L18,04L18,05L18,06L18,07L18,08L18,09L18,10L18,11L18,12L18,13L18,14L18,15L18,16L18,17L18,18L18,19L18,20L18,21L18,22L18,23L18,24L18,25L18,26L18,27L18,28L18,29L18,30L18,31L18,32L18,33L18,34L18,35L18,36L18,37L18,38L18,39L18,40L18,41L18,42L18,43L18,44L18,45L18,46L18,47L18,00L19,01L19,02L19,03L19,04L19,05L19,06L19,07L19,08L19,09L19,10L19,11L19,12L19,13L19,14L19,15L19,16L19,17L19,18L19,19L19,20L19,21L19,22L19,23L19,24L19,25L19,26L19,27L19,28L19,29L19,30L19,31L19,32L19,33L19,34L19,35L19,36L19,37L19,38L19,39L19,40L19,41L19,42L19,43L19,44L19,45L19,46L19,47L19
Angelina,8.8,6.8,48.6,19.6,16.3,7.4,14.5,29.6,26.6,6.1,11.2,4.6,8.9,21.5,8.8,22.3,42.6,79.9,20.1,14.6,5.5,2.9,2.6,0.0,91.4,90.3,76.8,13.6,1.1,8.6,39.8,60.2,80.1,65.6,35.7,18.0,32.8,10.3,28.3,51.7,3.5,3.8,12.7,23.7,47.4,4.3,11.6,13.0,6.4,6.4,40.3,27.2,19.7,7.4,8.9,36.5,24.4,7.6,10.4,4.6,9.4,17.6,5.9,15.0,48.3,81.3,18.7,12.4,6.3,5.5,0.7,0.0,92.0,91.5,77.0,14.5,0.5,8.0,23.2,76.8,85.1,74.6,35.9,17.2,35.4,6.6,30.5,49.8,3.1,3.1,13.5,27.2,43.0,3.6,11.5,14.7,5.8,11.1,45.3,21.0,16.8,9.0,12.2,31.8,23.8,7.7,9.8,5.8,8.9,18.2,11.6,12.4,52.4,83.4,16.1,10.8,5.4,3.3,2.0,0.5,91.7,91.3,76.2,15.0,0.5,8.3,22.3,77.7,81.8,70.2,35.3,17.3,32.7,9.6,31.4,47.4,4.1,3.8,13.3,26.5,46.4,3.0,12.0,12.1,4.7,4.9,49.4,22.8,18.2,9.3,12.4,29.1,25.1,8.1,10.9,5.0,7.5,23.2,9.6,19.4,62.4,84.2,15.7,9.8,5.9,3.8,2.1,0.1,91.8,91.6,78.7,12.9,0.1,8.2,40.0,60.0,88.7,80.7,35.7,16.6,33.0,10.0,34.1,45.9,2.6,3.1,14.4,29.5,43.2,4.6,11.3,11.5,4.7,5.5,49.7,23.1,17.0,6.4,10.5,30.7,26.5,9.5,10.8,5.5,9.0,17.0,3.5,17.0,39.0,79.9,19.7,11.3,8.4,7.0,1.4,0.4,91.7,91.0,77.6,13.5,0.7,8.3,39.8,60.2,89.9,84.3,37.2,18.7,30.0,7.5,28.4,52.5,3.6,2.7,12.8,27.1,46.3,2.4,12.9,11.3,2.4,5.7,50.9,23.2,17.8,10.5,8.6,31.4,25.2,7.4,12.4,4.4,8.6,20.1,5.1,18.9,50.6,84.2,15.5,9.8,5.7,4.8,0.9,0.2,90.1,89.4,72.5,16.9,0.7,9.9,23.3,76.7,91.3,86.8,35.6,16.9,33.2,10.7,33.5,47.8,2.4,4.6,11.7,25.2,42.3,4.0,11.5,17.1,8.0,5.3,49.0,24.9,12.9,6.7,7.1,32.5,28.9,6.1,10.5,8.0,8.4,14.6,3.7,12.5,39.1,84.0,16.0,9.9,6.1,5.0,1.1,0.0,92.6,91.6,79.9,11.7,1.0,7.4,32.4,67.6,91.0,86.8,38.4,20.2,30.4,7.4,28.7,55.5,1.3,3.6,10.9,23.0,51.3,2.9,6.8,16.0
Bastrop,3.1,8.3,50.9,20.1,17.6,10.3,10.1,31.0,24.5,6.6,14.5,2.9,11.3,14.9,5.3,13.7,39.2,86.6,13.4,3.8,9.6,8.0,1.6,0.0,86.6,85.3,61.6,23.7,1.3,13.4,17.5,82.5,82.2,63.6,34.6,19.1,31.3,8.6,29.0,55.5,2.4,3.7,9.4,24.0,51.6,1.7,9.2,13.5,2.5,5.2,46.7,31.2,14.4,10.5,11.6,27.5,24.3,6.6,14.2,5.3,14.0,14.7,2.1,16.3,34.4,84.6,15.1,8.1,7.0,6.3,0.7,0.2,91.2,88.9,69.5,19.4,2.3,8.8,25.5,74.5,88.2,77.6,34.2,19.4,28.6,14.5,29.4,54.2,3.3,1.3,11.8,24.2,55.1,1.0,7.2,12.6,1.1,3.7,55.3,23.8,16.1,9.2,10.1,30.8,26.4,4.7,10.8,8.2,9.8,14.5,4.0,17.2,22.5,82.8,17.1,4.6,12.5,11.7,0.9,0.1,88.5,87.8,66.1,21.7,0.7,11.5,15.1,84.9,88.6,79.5,33.2,18.0,32.4,10.9,36.2,50.5,0.9,1.7,10.7,27.0,49.8,3.2,6.8,13.2,7.9,3.4,47.0,29.7,12.0,8.9,8.9,27.2,26.7,8.2,13.3,6.8,14.0,14.7,4.3,11.5,45.7,86.5,12.4,6.4,6.0,5.0,1.0,1.2,88.6,86.9,64.7,22.2,1.7,11.4,29.8,70.2,83.2,79.4,32.3,16.8,34.3,11.1,37.7,46.7,1.6,1.5,12.6,22.3,49.4,2.5,9.6,16.2,2.0,4.7,49.1,30.5,13.7,7.8,9.9,27.4,20.6,9.0,18.6,6.7,12.3,12.8,4.8,10.9,39.6,89.5,10.5,2.6,7.9,5.3,2.6,0.0,89.9,85.1,65.6,19.5,4.8,10.1,43.2,56.8,92.0,79.2,29.4,18.8,33.3,14.6,32.2,50.3,0.9,4.5,12.1,27.8,51.4,1.6,10.4,8.8,2.8,4.6,52.8,28.8,11.0,8.9,7.5,32.4,25.9,4.8,15.5,5.1,9.6,10.4,1.6,8.3,35.7,85.2,14.7,6.8,7.9,4.3,3.7,0.1,87.1,84.4,63.7,20.7,2.7,12.9,36.8,63.2,89.3,83.4,29.9,15.7,34.8,13.6,37.9,43.7,2.8,3.6,12.0,33.8,42.9,2.1,8.3,12.9,5.4,8.3,41.5,26.0,18.8,9.5,8.5,35.3,25.4,4.8,10.6,5.8,10.3,14.1,4.2,10.6,43.9,87.0,12.2,3.5,8.7,7.6,1.1,0.8,85.8,84.4,63.1,21.3,1.4,14.2,35.3,64.7,90.8,75.6,30.6,15.5,37.8,9.3,36.0,47.3,1.1,2.2,13.5,27.4,43.3,1.0,11.3,17.0
Bell,5.6,5.5,41.7,16.9,30.3,4.4,4.1,30.2,28.3,10.2,15.5,7.4,21.4,14.5,5.3,14.1,44.2,81.1,17.7,8.4,9.3,3.3,6.1,1.2,92.9,87.7,50.4,37.3,5.2,7.1,50.0,50.0,85.2,72.1,32.3,16.9,37.9,8.5,35.6,50.1,3.0,2.6,8.8,29.1,47.2,1.8,8.0,13.9,6.1,4.4,40.2,18.9,30.4,4.3,6.3,25.2,31.4,9.7,14.8,8.4,21.6,15.4,6.5,14.6,46.8,75.0,23.7,14.0,9.6,3.7,5.9,1.3,91.7,86.5,45.7,40.8,5.2,8.3,48.2,51.8,89.8,77.1,36.0,18.1,32.9,8.3,32.1,53.3,2.4,2.4,9.7,24.1,52.1,2.4,5.5,15.9,6.9,7.1,39.7,18.8,27.5,4.4,4.9,27.8,27.2,10.2,17.7,7.8,21.3,15.7,7.4,14.9,43.1,73.9,24.5,11.9,12.6,5.7,6.9,1.6,91.1,86.1,46.3,39.8,5.1,8.9,53.7,46.3,87.1,75.3,36.8,18.8,33.1,7.1,34.0,53.2,1.8,1.3,9.8,24.1,51.8,3.4,7.1,13.6,5.6,4.6,41.6,18.5,29.7,3.8,6.1,25.7,31.4,10.7,14.7,7.6,21.9,13.6,5.7,12.7,40.4,75.4,23.8,13.6,10.2,4.7,5.5,0.8,92.0,86.3,47.2,39.1,5.6,8.0,50.9,49.1,93.3,84.2,36.3,18.0,34.6,7.0,33.8,53.6,1.1,2.5,8.9,26.3,49.9,3.8,6.8,13.2,5.4,4.8,42.3,19.4,28.1,3.1,5.0,24.8,27.8,12.3,17.6,9.3,22.1,14.8,4.7,14.6,43.3,76.1,22.5,12.9,9.6,3.9,5.7,1.4,92.5,86.5,45.5,41.0,6.0,7.5,55.5,44.5,93.7,88.0,36.2,18.1,34.8,5.8,34.7,51.0,2.2,2.7,9.5,28.1,49.4,2.4,7.1,13.0,5.6,5.7,42.5,19.7,26.5,3.8,5.3,27.4,27.2,11.4,16.0,9.0,20.4,13.9,3.9,14.9,35.4,74.4,23.8,13.5,10.3,4.6,5.7,1.8,91.5,85.8,50.0,35.8,5.7,8.5,42.3,57.7,92.5,88.3,35.8,17.7,34.7,6.7,36.3,51.6,1.2,2.7,8.3,29.8,49.6,3.2,7.0,10.4,6.0,5.7,38.9,20.2,29.2,2.9,6.6,25.7,27.9,11.6,15.4,9.9,20.7,15.3,7.9,13.7,41.8,76.6,22.2,12.7,9.5,3.7,5.8,1.2,91.7,86.6,46.8,39.7,5.2,8.3,49.1,50.9,93.6,87.9,36.2,16.9,34.3,7.6,33.7,51.8,2.4,2.3,9.8,31.6,45.4,2.1,7.7,13.2
Bexar,6.0,4.9,40.8,20.2,28.0,7.9,8.4,26.5,23.1,7.4,17.1,9.6,10.9,13.5,4.7,11.9,43.5,80.9,18.3,13.2,5.1,2.9,2.2,0.8,86.9,84.7,64.0,20.7,2.1,13.1,37.7,62.3,82.7,71.3,34.8,15.7,33.7,10.4,38.3,47.2,2.5,2.1,9.9,31.5,42.7,4.1,8.0,13.7,4.9,5.3,41.9,19.3,28.6,8.3,8.7,24.5,24.3,7.9,16.8,9.5,11.3,13.8,5.7,12.1,43.1,81.6,17.7,13.0,4.7,2.8,2.0,0.7,86.8,84.8,63.8,21.0,2.1,13.2,39.8,60.2,85.0,72.6,34.3,15.2,34.5,10.1,39.6,45.6,2.3,2.0,10.5,31.8,42.4,3.8,8.1,13.9,5.4,5.7,41.8,20.7,26.3,7.8,9.0,26.0,23.2,7.6,17.2,9.3,11.2,13.7,3.9,13.1,39.8,81.2,18.1,13.2,4.9,2.4,2.5,0.7,87.0,84.6,63.8,20.8,2.4,13.0,39.0,61.0,86.9,73.8,33.6,15.3,34.6,10.4,40.5,44.7,2.6,2.2,10.0,32.5,42.9,3.5,7.6,13.5,5.9,5.3,42.2,20.3,26.4,7.8,9.6,25.3,21.7,7.8,17.8,10.1,10.7,14.3,6.3,12.8,40.8,84.3,14.9,10.3,4.6,2.6,2.0,0.8,86.4,84.1,64.0,20.1,2.3,13.6,40.2,59.8,89.8,80.5,33.1,15.1,35.3,10.6,40.4,45.3,2.4,2.3,9.7,33.7,42.3,3.0,7.4,13.7,6.0,5.4,41.5,20.7,26.5,6.9,8.4,25.8,22.8,8.3,17.5,10.3,10.1,14.9,6.6,13.2,42.5,84.8,14.3,9.9,4.4,2.1,2.2,0.9,86.9,84.2,64.2,20.0,2.6,13.1,43.6,56.4,90.7,82.0,32.9,15.2,35.2,10.9,41.1,45.2,1.9,2.5,9.2,33.3,42.2,3.3,7.7,13.4,5.5,5.2,41.6,20.5,27.2,7.4,8.8,25.9,22.5,8.2,17.0,10.1,9.4,14.3,5.3,13.2,39.0,83.7,15.6,11.1,4.5,2.3,2.2,0.7,86.3,83.8,62.4,21.4,2.4,13.7,41.2,58.8,93.1,83.3,32.9,14.5,35.6,10.8,42.2,43.0,2.7,2.3,9.8,35.6,40.2,2.9,8.2,13.1,5.9,5.0,42.4,20.5,26.2,7.4,7.9,25.6,22.6,8.3,17.8,10.3,9.2,14.2,5.4,12.4,40.9,82.4,17.0,12.2,4.8,2.3,2.5,0.6,87.0,84.2,62.1,22.1,2.9,13.0,41.9,58.1,94.2,85.2,32.8,14.0,34.8,11.8,42.5,42.5,2.7,2.2,10.1,35.1,39.9,3.7,7.7,13.6
Bowie,1.8,5.8,49.0,23.7,19.6,2.4,9.7,38.2,25.9,5.1,13.3,5.4,11.4,16.0,4.5,13.3,45.3,85.2,14.8,6.7,8.1,2.3,5.8,0.0,97.1,96.8,57.6,39.2,0.4,2.9,26.8,73.2,75.3,60.0,36.5,17.5,32.1,8.1,33.8,45.7,2.3,2.8,15.5,26.5,45.5,4.9,10.1,13.0,7.5,6.7,44.4,21.3,20.1,5.1,9.9,33.2,28.6,5.7,11.7,5.8,10.7,15.2,5.7,13.2,39.1,88.7,11.1,6.4,4.7,1.7,3.0,0.2,95.1,94.3,60.6,33.8,0.8,4.9,38.8,61.2,73.2,62.3,37.5,17.6,31.5,9.7,37.1,48.7,1.7,1.6,11.0,25.3,45.8,3.2,11.2,14.4,4.9,6.5,47.1,21.3,20.2,4.0,8.7,37.6,27.4,7.4,9.5,5.4,9.3,12.6,3.7,11.4,31.6,86.1,13.7,6.7,7.1,3.7,3.3,0.1,97.7,97.4,64.4,32.9,0.3,2.3,12.5,87.5,75.0,63.3,36.6,17.8,31.3,9.2,33.0,47.6,2.4,3.1,13.9,28.6,42.5,3.2,13.1,12.6,10.9,4.2,46.0,19.1,19.8,2.9,8.4,36.8,23.7,7.2,14.6,6.4,9.7,14.7,4.3,13.5,35.1,91.6,8.0,4.3,3.7,1.3,2.4,0.3,96.1,95.3,66.4,28.9,0.7,3.9,21.4,78.6,75.0,67.1,37.5,16.3,34.4,7.8,35.3,47.1,2.3,2.7,12.6,26.6,42.0,5.3,12.2,13.9,7.7,5.0,46.5,21.6,19.2,2.5,6.5,36.2,25.9,6.7,15.0,7.2,10.3,11.3,2.7,9.3,32.5,91.1,8.7,4.2,4.5,1.2,3.3,0.2,96.4,95.8,64.0,31.8,0.6,3.6,47.6,52.4,81.7,70.7,37.5,17.2,32.8,9.3,32.5,47.0,2.6,3.2,14.8,27.6,43.1,3.2,9.4,16.7,5.2,7.6,48.3,21.9,17.0,3.5,7.1,33.3,25.7,9.0,15.3,6.1,9.4,11.4,5.0,10.9,23.5,89.9,9.9,4.4,5.6,3.5,2.1,0.1,94.9,94.1,59.1,35.0,0.8,5.1,26.4,73.6,81.6,73.5,39.8,16.5,31.2,8.8,32.3,44.3,3.8,3.7,15.9,27.4,43.3,2.8,11.1,15.3,6.5,8.1,47.9,20.6,16.9,4.9,8.6,33.2,27.5,6.7,12.1,7.0,9.2,11.3,1.5,9.5,31.7,90.0,9.7,5.1,4.6,2.4,2.2,0.3,96.7,96.5,66.6,29.9,0.2,3.3,47.3,52.7,83.6,78.2,40.1,19.0,29.3,7.4,32.7,46.2,2.2,3.8,15.2,25.3,48.8,2.5,10.5,12.9
Brazoria,5.7,6.7,43.9,19.9,23.9,6.3,7.9,26.9,23.5,8.2,17.5,9.7,7.8,9.6,2.1,8.2,38.1,89.0,10.8,5.5,5.3,4.1,1.3,0.3,86.5,85.8,66.5,19.3,0.7,13.5,42.7,57.3,86.9,73.9,34.9,20.2,34.5,7.1,31.5,55.9,1.8,2.0,8.8,22.2,55.9,1.6,7.1,13.3,5.3,7.3,45.1,21.2,21.0,6.1,6.2,25.1,26.6,6.7,18.6,10.7,8.0,8.6,1.9,7.0,35.7,89.5,10.4,4.1,6.3,4.1,2.2,0.1,87.1,86.2,65.1,21.1,1.0,12.9,53.9,46.1,89.5,78.5,34.8,20.9,32.8,7.5,28.1,58.6,1.9,2.6,8.8,25.4,56.9,2.6,6.0,9.3,7.6,7.2,41.1,23.2,21.0,7.3,6.4,26.0,21.7,8.2,19.9,10.6,7.0,11.1,4.2,9.3,38.4,89.6,10.1,5.1,5.1,3.9,1.1,0.3,86.4,85.4,62.6,22.7,1.1,13.6,53.7,46.3,90.1,77.9,35.1,18.6,33.3,8.4,31.3,52.7,1.8,2.9,11.2,28.2,50.5,1.8,7.4,12.1,5.2,6.3,47.9,21.0,19.6,5.3,6.9,28.0,23.3,8.9,17.1,10.4,7.9,10.5,3.3,8.8,37.1,86.1,13.6,7.7,5.9,3.9,2.0,0.3,87.2,86.0,64.7,21.3,1.2,12.8,51.0,49.0,92.6,87.2,34.1,20.0,32.9,9.8,28.8,57.4,1.5,2.5,9.7,23.8,54.6,2.2,8.8,10.6,5.5,4.6,46.2,22.0,21.8,4.6,7.0,23.0,24.4,8.6,20.4,11.9,8.1,9.8,3.1,8.4,33.0,86.0,13.6,6.3,7.3,5.3,2.0,0.4,86.5,85.4,63.5,21.8,1.1,13.5,52.2,47.8,93.4,88.3,34.2,20.6,34.1,7.4,32.7,54.8,0.9,1.8,9.8,25.9,55.6,1.0,8.1,9.4,7.0,5.1,42.2,20.0,25.7,5.7,6.5,25.8,26.0,8.6,18.1,9.2,5.7,7.7,1.7,6.3,28.4,88.7,11.2,4.8,6.3,4.8,1.6,0.1,85.8,84.1,63.6,20.5,1.7,14.2,53.6,46.4,93.3,90.3,33.8,19.1,33.6,9.5,33.8,52.0,2.7,2.1,9.5,25.0,54.7,2.4,8.1,9.9,4.3,3.5,47.5,23.4,21.4,4.9,6.5,27.3,24.3,7.6,20.0,9.4,5.3,8.3,2.7,5.7,34.1,90.2,9.7,4.6,5.1,4.0,1.1,0.1,87.8,86.1,68.8,17.3,1.7,12.2,51.1,48.9,97.2,90.5,35.7,19.8,33.6,7.7,33.0,54.3,1.4,2.5,8.8,26.9,52.4,2.3,7.7,10.8
Brazos,2.9,2.4,22.1,9.6,63.0,7.6,8.2,20.1,20.3,4.8,21.6,17.4,5.5,9.5,5.6,7.1,40.8,69.8,28.9,15.3,13.6,12.1,1.5,1.3,86.6,85.5,66.7,18.8,1.1,13.4,24.4,75.6,87.9,70.8,38.2,15.0,26.0,6.1,51.7,37.5,2.0,0.9,8.0,46.6,37.1,2.5,7.1,6.8,2.8,2.4,21.8,8.8,64.2,7.5,7.2,22.9,20.2,5.2,19.2,17.6,5.3,8.5,3.9,6.3,40.1,67.8,30.1,15.8,14.3,12.3,2.0,2.1,87.1,85.8,65.2,20.6,1.3,12.9,24.0,76.0,91.5,76.8,40.0,15.0,24.5,5.0,54.8,36.5,0.9,1.2,6.6,45.8,37.3,1.6,6.4,8.9,2.8,2.6,22.4,10.3,61.9,7.1,6.2,18.2,20.4,7.1,22.5,18.5,4.5,7.9,3.7,5.6,37.2,68.5,30.3,15.4,14.9,12.9,2.0,1.3,86.0,85.0,66.7,18.3,1.0,14.0,22.4,77.6,91.2,79.9,38.9,15.2,25.4,5.1,54.1,36.5,1.4,1.5,6.6,44.7,38.3,2.3,5.7,9.0,3.6,2.2,21.1,9.7,63.4,6.9,6.7,19.9,21.1,6.5,20.0,18.9,5.2,8.6,4.8,6.4,35.0,70.1,28.6,16.0,12.5,9.8,2.8,1.3,86.6,85.0,64.4,20.6,1.6,13.4,29.6,70.4,93.4,81.8,38.3,15.8,26.3,5.3,53.8,38.9,1.6,1.5,4.2,47.7,37.0,2.2,4.1,9.0,3.4,2.5,22.1,10.7,61.4,7.2,6.5,19.4,19.2,6.8,22.8,18.1,4.1,8.1,2.9,7.0,30.9,72.1,26.8,14.4,12.4,9.9,2.5,1.1,86.8,85.3,66.7,18.6,1.5,13.2,32.7,67.3,93.6,82.0,38.7,15.1,26.9,5.5,54.6,37.0,1.6,0.9,5.9,45.4,37.0,2.4,4.7,10.6,3.8,2.9,21.2,10.7,61.4,5.3,7.1,18.7,16.4,8.0,23.3,21.3,4.5,9.3,4.9,7.3,34.3,71.8,26.4,15.6,10.8,8.6,2.2,1.8,86.7,85.6,64.1,21.5,1.0,13.3,33.9,66.1,95.7,83.9,38.4,14.8,26.1,6.2,54.2,38.3,0.7,0.8,6.0,47.1,36.4,1.7,4.9,9.9,4.3,2.0,24.1,9.7,59.9,4.9,6.7,21.9,19.4,4.7,23.8,18.6,4.9,8.3,4.6,5.8,34.7,71.2,27.8,14.7,13.2,9.3,3.8,1.0,87.4,86.2,63.6,22.6,1.3,12.6,33.8,66.2,94.9,82.7,37.6,15.0,25.4,9.6,50.8,38.9,1.4,1.7,7.1,46.0,37.7,1.1,5.3,9.9
Cameron,7.2,5.3,47.5,24.3,15.7,20.9,15.1,22.9,18.9,5.2,11.9,5.2,5.6,14.2,5.8,11.6,49.4,88.9,10.3,7.8,2.5,1.8,0.8,0.8,74.5,73.1,63.6,9.5,1.4,25.5,30.7,69.3,66.1,53.3,28.7,15.4,41.3,11.6,37.3,50.3,2.8,2.8,6.8,31.1,45.9,4.8,10.6,7.6,7.5,4.2,47.6,22.8,17.9,22.6,12.8,23.7,17.7,5.8,12.3,5.1,5.3,13.3,5.2,10.6,46.6,90.2,8.9,7.5,1.4,0.9,0.5,0.9,74.8,73.7,64.5,9.3,1.1,25.2,30.5,69.5,64.7,52.2,29.0,14.4,40.7,12.4,36.6,51.0,2.2,3.5,6.8,31.4,43.4,5.7,8.5,11.0,6.9,5.2,49.2,23.8,15.0,20.9,13.6,25.1,18.0,7.1,11.0,4.2,4.7,13.8,6.8,10.7,44.6,91.3,8.1,6.3,1.8,1.4,0.4,0.6,76.2,75.1,67.5,7.6,1.2,23.8,32.6,67.4,70.8,51.2,29.3,16.0,38.7,13.3,35.4,53.8,1.8,2.9,6.1,30.8,46.1,4.4,9.5,9.1,6.8,6.1,45.2,26.4,15.5,19.2,13.2,27.1,16.3,7.2,12.0,5.0,4.2,11.6,3.2,9.1,42.5,91.3,8.2,6.6,1.6,1.2,0.4,0.5,77.3,75.3,66.3,9.0,2.0,22.7,35.1,64.9,83.7,54.6,28.8,15.2,40.0,12.8,36.6,51.8,2.9,2.6,6.1,32.1,45.1,4.1,10.6,8.1,7.0,5.7,44.8,23.1,19.3,19.4,13.7,26.2,14.9,7.7,12.8,5.3,4.4,12.7,4.8,10.3,41.9,92.9,6.7,5.0,1.7,1.2,0.5,0.4,76.0,74.4,65.2,9.2,1.7,24.0,30.5,69.5,80.3,49.7,29.3,15.5,41.4,11.2,38.2,49.9,2.3,2.6,7.0,32.0,46.1,4.5,8.4,8.9,7.7,6.5,46.5,23.0,16.3,17.3,13.2,27.6,17.8,7.2,11.8,5.2,4.5,12.0,6.5,8.5,39.1,92.1,7.3,5.9,1.4,0.8,0.6,0.6,76.9,75.6,66.6,9.0,1.3,23.1,32.6,67.4,82.9,56.0,29.7,15.2,39.0,13.9,37.5,49.8,1.8,3.3,7.6,31.1,45.1,5.6,10.3,7.9,7.6,6.0,45.7,23.6,17.2,18.2,13.5,26.2,17.6,7.4,11.8,5.4,4.0,12.4,6.2,9.1,39.7,91.4,8.1,6.5,1.6,1.0,0.5,0.5,76.9,75.8,67.8,8.0,1.1,23.1,38.0,62.0,84.9,71.8,30.8,15.2,38.5,13.0,36.8,52.7,2.0,2.9,5.5,28.9,46.0,4.6,9.5,11.0
Collin,6.0,5.7,45.2,21.3,21.8,3.0,3.1,16.1,21.4,7.2,32.0,17.1,6.2,6.7,3.0,5.1,29.1,84.5,14.6,6.4,8.2,5.6,2.6,0.9,82.4,80.8,46.7,34.1,1.6,17.6,48.1,51.9,94.7,87.5,36.1,21.4,33.2,5.4,29.4,60.8,0.9,1.3,7.6,23.9,56.6,2.0,5.4,12.1,8.1,4.8,44.3,22.1,20.8,3.4,3.0,15.2,20.6,7.9,31.5,18.6,6.7,6.9,2.0,5.5,29.5,86.1,13.1,6.7,6.4,3.8,2.7,0.8,80.3,79.0,45.1,33.9,1.4,19.7,48.3,51.7,95.9,88.3,35.4,21.5,33.7,5.9,28.5,61.3,1.0,1.3,7.9,23.6,57.1,1.6,5.8,11.9,6.9,6.2,44.1,21.9,20.8,3.8,3.1,15.7,19.7,7.5,32.6,17.6,6.3,7.1,3.0,5.3,29.1,87.0,12.1,5.3,6.8,3.8,2.9,0.9,79.8,78.2,43.3,34.9,1.6,20.2,44.3,55.7,96.4,89.0,35.4,21.6,33.1,6.3,29.0,61.4,0.8,1.3,7.4,24.4,57.5,1.6,6.0,10.6,6.8,5.2,43.7,22.3,22.0,3.4,3.1,15.1,19.3,7.4,33.4,18.3,6.2,6.5,2.1,4.7,28.8,86.6,12.4,5.8,6.6,4.2,2.5,1.0,80.2,78.9,44.6,34.3,1.3,19.8,50.1,49.9,97.8,92.0,35.8,21.7,33.0,6.0,29.1,62.4,0.7,1.3,6.4,24.5,57.7,1.9,5.7,10.2,6.3,4.6,43.6,22.9,22.6,2.9,3.3,14.6,19.8,7.4,33.3,18.6,5.9,7.0,2.4,5.3,28.1,84.1,14.6,7.1,7.5,4.6,2.9,1.3,78.9,77.1,43.7,33.4,1.8,21.1,46.2,53.8,98.0,93.0,35.1,21.0,33.0,7.0,30.2,60.2,1.1,1.6,7.0,25.3,55.4,1.8,5.9,11.6,6.9,5.0,41.4,23.1,23.7,3.5,2.6,15.7,18.8,7.0,32.9,19.5,5.7,7.1,2.6,5.2,29.3,83.5,15.4,7.4,8.0,4.8,3.2,1.2,77.8,75.8,42.3,33.5,2.0,22.2,43.1,56.9,98.4,94.0,34.5,21.1,33.0,6.8,30.5,60.2,1.1,1.4,6.9,26.5,55.4,1.4,6.2,10.5,6.2,5.6,42.8,23.0,22.4,3.3,2.6,16.2,17.9,7.5,32.5,20.1,5.2,6.9,2.5,5.2,26.4,84.8,14.3,7.3,7.0,4.1,3.0,0.8,78.0,76.3,43.7,32.6,1.7,22.0,47.6,52.4,98.4,94.3,35.3,21.1,32.8,6.4,31.4,58.8,0.7,1.4,7.7,26.6,54.5,1.5,5.7,11.7
Comal,5.0,3.7,43.3,25.4,22.6,5.3,4.2,24.0,20.7,9.5,24.5,11.8,12.9,14.6,4.3,13.3,33.7,84.4,15.3,6.0,9.3,7.8,1.5,0.3,93.5,90.8,59.6,31.2,2.8,6.5,44.0,56.0,88.8,81.5,37.1,22.0,29.3,6.7,28.2,59.6,1.0,2.4,8.8,24.0,54.4,1.3,9.4,10.9,4.6,3.6,46.4,24.4,21.1,2.9,4.2,27.2,25.3,7.1,20.8,12.3,13.0,14.7,6.3,12.9,32.5,86.7,12.9,3.5,9.3,7.4,1.9,0.4,94.4,91.9,60.2,31.7,2.5,5.6,38.0,62.0,89.3,85.1,36.2,21.9,31.4,5.7,30.7,58.0,0.7,2.5,8.0,22.6,55.8,2.5,8.6,10.5,4.7,6.5,44.2,26.4,18.3,5.3,4.2,27.1,22.6,8.4,22.1,10.3,12.1,13.0,2.0,10.8,35.4,86.3,13.4,3.1,10.3,8.4,1.9,0.3,92.2,90.4,58.7,31.7,1.8,7.8,32.3,67.7,91.1,86.2,35.8,22.6,30.3,6.9,28.1,59.7,2.1,2.0,8.1,21.5,58.9,2.1,7.1,10.4,3.6,6.1,47.1,27.2,16.0,2.6,3.8,26.1,22.3,8.8,24.6,11.9,12.8,12.7,3.5,10.8,30.7,84.6,15.1,5.5,9.6,8.1,1.5,0.3,94.2,93.0,63.0,30.0,1.2,5.8,38.3,61.7,93.2,87.5,36.4,22.7,32.3,5.1,26.4,59.8,1.4,1.1,11.3,21.3,54.5,3.1,8.8,12.2,4.4,3.9,48.4,22.6,20.7,2.3,3.3,24.3,26.1,5.7,25.2,13.2,10.8,15.9,6.5,12.5,39.3,83.1,16.2,6.6,9.6,7.0,2.6,0.7,95.4,94.1,63.1,31.0,1.4,4.6,48.3,51.7,92.3,87.9,36.9,21.9,30.4,5.5,27.9,58.7,0.5,2.6,10.4,21.4,55.2,1.5,9.0,12.8,5.9,6.8,46.1,20.7,20.5,3.4,4.3,25.5,24.6,7.2,23.4,11.6,11.9,14.4,5.1,13.5,29.6,88.5,11.2,3.1,8.1,4.4,3.7,0.3,93.4,91.3,59.6,31.7,2.2,6.6,39.9,60.1,94.1,90.0,36.1,22.2,31.8,7.2,29.7,59.7,1.2,2.1,7.3,21.3,56.2,2.3,8.1,12.0,6.6,4.0,46.6,21.3,21.5,2.5,4.1,23.5,20.6,9.5,25.9,13.9,13.0,15.3,4.9,13.7,33.9,87.7,12.3,3.9,8.3,6.7,1.7,0.0,94.5,92.2,59.6,32.6,2.3,5.5,64.7,35.3,96.1,94.2,36.7,23.2,30.1,6.0,28.1,60.3,1.0,2.1,8.5,23.6,58.9,0.5,6.8,10.3
Coryell,9.8,7.4,34.5,19.8,28.5,4.0,8.2,25.8,35.6,10.0,12.0,4.4,19.8,13.4,7.1,13.3,35.4,74.6,23.0,8.5,14.5,7.2,7.3,2.4,93.4,89.5,44.9,44.6,3.9,6.6,41.3,58.7,88.2,78.9,35.3,19.6,33.2,7.5,37.3,45.9,2.5,1.2,13.1,21.7,50.8,4.8,9.6,13.0,7.0,3.1,38.5,17.0,34.3,3.9,7.8,28.1,34.5,11.1,10.6,4.0,21.8,15.2,7.2,16.1,35.5,74.2,23.8,6.5,17.2,8.1,9.2,2.0,92.9,88.0,39.7,48.3,4.9,7.1,68.8,31.2,86.4,80.0,36.8,21.9,33.6,4.1,40.7,47.4,1.4,1.6,9.0,19.2,56.8,2.9,6.4,14.7,8.6,6.9,34.0,22.3,28.2,3.4,7.8,29.2,33.6,12.5,9.2,4.2,20.6,14.2,6.5,12.9,42.5,74.1,25.1,8.7,16.4,9.8,6.6,0.8,92.2,86.2,42.5,43.7,6.0,7.8,54.1,45.9,91.0,81.8,39.1,21.2,28.2,8.0,31.5,51.8,2.6,2.1,11.9,23.3,52.2,5.3,5.5,13.7,6.7,4.0,46.3,21.2,21.8,6.9,6.2,28.0,31.4,11.5,11.3,4.6,21.1,19.4,8.1,18.8,51.6,79.7,18.7,5.7,13.1,5.6,7.5,1.6,93.7,88.0,42.9,45.1,5.7,6.3,52.6,47.4,92.5,85.6,37.8,21.9,30.0,5.8,34.8,47.2,1.5,4.3,12.2,24.6,50.2,3.2,6.9,15.1,9.1,3.1,41.5,23.7,22.7,4.0,6.3,28.2,33.3,11.3,11.8,5.1,23.0,18.1,2.2,20.7,45.9,77.2,21.1,3.3,17.8,9.7,8.1,1.7,94.3,88.5,46.5,42.1,5.8,5.7,52.7,47.3,92.9,88.7,33.3,18.8,35.5,8.4,37.9,43.7,1.9,3.6,12.9,28.7,44.9,4.3,10.3,11.9,7.9,5.2,36.2,25.8,24.9,4.5,9.4,26.8,35.3,9.1,11.4,3.6,19.8,19.8,7.0,19.8,52.4,79.1,19.1,8.2,10.9,4.5,6.4,1.8,93.4,89.9,46.2,43.7,3.4,6.6,51.7,48.3,90.3,84.9,36.2,16.5,36.1,7.1,45.1,42.2,1.0,2.4,9.3,33.6,38.2,3.3,7.5,17.3,7.5,4.7,36.7,23.1,28.0,3.3,8.7,29.1,30.9,11.0,11.4,5.6,19.6,20.0,4.8,20.3,51.2,78.7,20.4,4.2,16.2,8.0,8.2,0.9,92.7,87.6,47.5,40.1,5.2,7.3,50.9,49.1,91.6,86.7,36.3,18.5,33.4,7.0,40.9,42.1,2.0,2.5,12.4,26.6,45.1,3.8,7.2,17.3
Dallas,6.3,6.2,44.6,20.2,22.7,11.5,10.6,22.1,20.8,5.5,18.7,10.7,5.4,9.6,3.2,8.3,37.0,82.6,16.6,11.8,4.8,3.0,1.8,0.8,76.5,75.5,55.3,20.2,1.0,23.5,28.2,71.8,84.0,72.3,36.0,15.5,33.0,9.8,39.8,47.4,2.2,1.8,8.8,33.6,42.9,3.5,7.3,12.6,6.1,6.5,44.6,20.8,22.0,11.5,11.0,23.2,19.6,5.7,18.6,10.5,5.4,9.8,3.4,8.6,36.2,82.3,16.8,11.6,5.2,3.2,2.0,0.9,76.4,75.4,54.9,20.4,1.0,23.6,28.6,71.4,84.4,71.4,35.9,15.3,32.9,10.3,39.4,46.4,2.8,2.0,9.4,33.5,43.2,3.6,7.0,12.7,6.1,6.1,45.1,20.9,21.8,11.9,10.5,22.3,19.9,5.4,19.2,10.9,4.9,9.6,3.1,8.0,37.8,83.5,15.6,10.9,4.7,2.8,1.9,0.9,75.6,74.6,54.6,20.0,1.0,24.4,29.6,70.4,86.4,73.1,35.9,15.5,32.7,10.0,39.5,47.4,2.4,1.8,8.9,34.2,42.6,3.4,7.0,12.9,6.8,5.9,45.5,20.6,21.2,11.9,9.8,22.0,20.1,5.8,19.5,10.9,4.7,9.3,3.1,7.8,35.6,84.2,14.9,10.6,4.2,2.5,1.7,0.9,75.6,74.3,54.6,19.7,1.3,24.4,28.8,71.2,89.0,80.6,36.3,15.6,33.0,9.6,40.7,46.8,2.1,2.1,8.4,34.5,43.5,3.2,6.8,11.9,6.0,5.2,44.9,21.6,22.3,11.0,9.6,23.4,19.8,5.7,19.6,11.0,5.0,9.6,3.7,8.1,34.3,84.5,14.6,10.0,4.6,2.6,1.9,1.0,75.6,74.5,54.6,19.9,1.1,24.4,29.1,70.9,91.5,83.9,35.9,15.8,33.3,9.5,39.4,47.4,2.1,2.2,8.9,33.8,43.9,3.6,6.4,12.3,6.2,5.5,45.2,21.7,21.4,10.9,9.4,23.2,18.9,5.9,20.0,11.7,4.7,9.2,3.6,7.6,33.2,84.9,14.3,9.8,4.5,2.7,1.8,0.9,74.7,73.5,53.4,20.1,1.2,25.3,30.1,69.9,91.5,82.7,36.0,15.6,32.6,10.3,41.6,46.5,1.9,2.0,8.1,35.6,43.0,3.0,6.8,11.5,6.1,5.4,44.7,22.0,21.9,10.4,8.8,23.6,19.1,5.6,20.2,12.2,4.3,9.6,3.4,7.9,34.3,85.3,13.7,9.3,4.4,2.7,1.7,1.0,74.4,73.2,53.3,19.9,1.2,25.6,28.5,71.5,92.9,84.8,36.1,15.4,33.1,9.7,41.1,45.8,2.2,2.0,8.9,35.9,43.0,2.9,6.3,11.9
Denton,5.9,4.6,41.4,18.6,29.4,4.4,4.4,19.3,23.8,7.2,27.5,13.5,7.5,8.0,3.4,6.7,33.8,81.3,17.9,8.5,9.3,6.9,2.5,0.9,85.1,84.0,49.1,34.8,1.2,14.9,36.8,63.2,94.7,87.1,35.8,19.8,32.0,6.6,32.7,56.4,1.3,1.6,8.0,28.3,51.5,2.2,5.0,13.0,5.6,5.1,41.8,19.1,28.4,4.2,3.9,19.6,23.2,7.5,28.4,13.1,7.4,7.8,4.0,6.0,33.1,79.6,19.7,9.5,10.2,7.4,2.8,0.7,85.7,84.4,49.9,34.5,1.3,14.3,43.4,56.6,95.4,86.7,35.8,20.1,32.4,6.1,31.8,57.0,1.1,1.0,9.2,27.6,53.0,1.6,5.4,12.3,6.2,6.5,39.9,19.0,28.5,3.4,4.5,19.2,23.4,7.5,28.6,13.5,7.0,7.9,2.8,6.7,31.3,80.7,18.6,8.7,9.9,6.9,3.0,0.7,85.4,83.9,49.3,34.6,1.4,14.6,46.3,53.7,95.2,86.8,35.7,20.1,31.5,7.0,32.5,56.5,1.5,1.0,8.5,27.7,52.4,2.2,6.0,11.7,6.7,4.9,40.4,19.4,28.6,3.7,4.1,17.6,22.6,7.4,30.7,13.9,6.4,7.8,3.5,6.1,31.8,81.4,18.0,8.6,9.4,6.3,3.1,0.6,85.6,84.3,49.6,34.7,1.3,14.4,48.5,51.5,96.2,90.3,35.5,20.0,32.1,6.3,33.4,55.3,1.6,1.9,7.7,29.5,52.1,1.7,5.7,11.0,5.9,4.7,41.1,20.1,28.2,3.5,3.8,17.0,21.4,8.3,30.4,15.7,6.6,8.0,2.8,6.6,30.5,81.6,17.5,7.6,10.0,7.3,2.7,0.8,84.4,82.5,47.8,34.7,1.9,15.6,44.8,55.2,98.0,93.4,35.6,20.3,31.8,7.1,33.0,56.5,1.4,1.5,7.7,28.3,52.3,1.9,5.1,12.4,6.2,5.5,39.0,20.7,28.6,3.0,3.4,17.7,22.1,7.2,31.5,15.1,6.9,8.0,3.9,6.3,29.3,81.0,17.8,8.4,9.5,6.3,3.1,1.2,84.7,83.2,47.9,35.3,1.6,15.3,44.9,55.1,97.9,93.8,35.1,20.5,32.2,6.2,33.0,56.7,1.0,1.3,7.9,29.2,52.6,1.7,6.0,10.5,6.3,5.3,38.2,20.0,30.1,2.7,4.9,17.5,21.5,7.2,30.6,15.5,6.2,8.3,2.9,7.2,27.3,84.0,15.4,6.3,9.0,6.3,2.7,0.7,83.8,82.3,47.5,34.8,1.5,16.2,47.4,52.6,98.5,95.3,34.8,19.7,31.9,6.9,34.7,54.5,0.8,1.4,8.7,29.7,50.8,1.5,5.3,12.8
Ector,4.2,6.6,47.4,20.7,21.0,12.2,15.8,27.3,25.9,4.9,9.8,4.1,6.6,14.7,5.7,12.9,55.1,79.1,19.5,11.9,7.7,5.0,2.6,1.4,84.5,82.8,66.7,16.2,1.7,15.5,29.1,70.9,83.5,75.3,35.2,16.3,33.9,8.0,34.3,50.5,2.4,2.9,9.9,29.0,44.7,2.9,10.1,13.3,8.7,6.2,50.1,19.9,15.1,8.7,14.1,30.4,24.5,5.5,11.8,5.0,6.6,13.5,4.4,13.0,45.0,83.5,16.0,7.8,8.2,6.3,2.0,0.5,86.9,85.9,68.5,17.3,1.0,13.1,42.8,57.2,87.8,77.2,33.3,16.6,34.3,10.4,32.7,52.1,2.0,4.0,9.2,25.9,51.3,2.3,8.9,11.6,5.5,6.4,47.2,18.6,22.4,8.9,14.2,29.6,24.2,6.9,12.1,4.1,6.3,11.5,3.8,10.6,42.5,81.0,18.2,11.6,6.6,4.5,2.1,0.7,86.3,85.1,68.8,16.3,1.2,13.7,28.1,71.9,84.7,80.1,33.0,16.6,35.9,9.0,36.0,47.3,2.0,1.9,12.8,25.6,49.8,2.4,7.8,14.4,5.6,7.7,46.8,19.3,20.6,8.9,15.4,31.3,22.4,6.7,11.4,3.9,5.2,13.4,4.2,13.5,42.1,85.9,14.0,10.1,3.8,3.5,0.3,0.2,87.2,85.8,69.5,16.3,1.4,12.8,39.9,60.1,88.3,82.4,32.8,14.4,35.9,13.2,35.4,46.5,2.1,2.0,14.0,31.7,43.7,5.3,8.5,10.9,7.5,8.1,45.1,22.0,17.3,10.3,14.9,29.1,24.8,7.0,10.4,3.4,4.8,10.7,3.1,9.7,40.6,80.7,18.4,13.2,5.2,3.4,1.8,0.8,85.7,84.6,69.1,15.6,1.1,14.3,33.7,66.3,90.2,86.2,33.0,15.2,37.2,9.6,40.8,44.7,2.4,2.8,9.3,31.1,46.1,3.2,8.5,11.2,4.5,7.9,42.8,27.9,16.9,10.2,13.9,30.0,23.0,6.9,10.8,5.3,4.9,9.7,2.4,7.9,45.4,83.9,15.4,7.8,7.6,5.5,2.1,0.7,87.3,86.0,65.4,20.6,1.3,12.7,33.9,66.1,92.6,83.2,33.9,16.3,36.9,8.2,30.5,53.3,2.3,3.2,10.7,26.9,48.9,3.0,9.2,12.0,4.4,5.7,50.4,21.1,18.4,10.6,13.2,30.1,23.5,7.5,10.0,5.2,4.7,9.4,4.1,7.2,40.5,87.1,12.6,5.2,7.4,4.4,3.0,0.3,83.7,82.1,65.8,16.2,1.6,16.3,32.7,67.3,92.3,78.8,32.3,15.8,36.8,9.7,40.8,48.6,1.8,2.0,6.8,30.7,49.8,1.8,6.5,11.2
El Paso,5.5,5.2,40.3,21.0,27.9,15.9,9.4,23.4,23.4,7.1,14.4,6.5,8.7,13.3,4.4,11.4,47.6,86.0,12.6,9.2,3.4,0.6,2.8,1.3,73.5,71.1,54.9,16.2,2.4,26.5,40.2,59.8,77.4,64.2,31.8,15.7,38.2,11.4,36.2,50.8,3.0,2.0,8.1,30.3,43.1,4.9,8.6,13.2,4.7,4.5,41.3,21.4,28.1,15.7,8.5,25.3,22.2,7.2,14.4,6.7,8.2,14.2,4.2,12.9,46.5,86.4,12.0,8.7,3.3,0.7,2.6,1.6,74.4,72.0,56.2,15.8,2.4,25.6,42.3,57.7,77.4,64.5,31.3,15.3,37.7,12.6,38.1,49.5,2.2,2.3,7.9,30.9,42.7,4.3,8.8,13.4,6.3,4.6,39.3,20.6,29.3,13.1,9.5,25.0,22.8,6.8,16.2,6.6,9.0,14.7,5.8,13.0,45.4,85.3,13.4,9.4,4.0,1.3,2.7,1.4,75.4,72.9,57.5,15.4,2.5,24.6,44.3,55.7,81.3,67.6,31.8,16.2,37.7,11.4,36.4,49.6,2.7,2.7,8.6,31.9,43.6,3.6,8.5,12.3,5.4,4.9,40.5,21.1,28.1,13.6,9.4,23.3,23.4,8.3,14.7,7.3,7.6,15.2,6.6,13.5,44.6,84.9,13.8,9.9,4.0,1.2,2.8,1.2,75.0,72.9,56.8,16.1,2.1,25.0,43.9,56.1,87.5,79.6,32.5,15.4,37.9,10.8,40.6,46.3,2.4,2.4,8.3,33.1,42.0,3.9,8.8,12.1,4.3,5.0,41.0,21.6,28.2,13.3,8.3,24.1,23.6,7.9,15.0,7.9,8.4,12.1,3.7,9.7,43.9,84.9,14.3,10.3,4.1,1.2,2.9,0.8,74.8,72.7,58.1,14.6,2.1,25.2,48.7,51.3,87.5,81.1,32.6,15.5,38.0,10.3,38.9,46.7,2.8,2.3,9.3,32.0,42.8,4.7,8.7,11.8,3.5,4.9,40.3,20.5,30.7,13.6,8.4,23.0,23.4,8.0,15.5,8.1,7.9,13.3,5.9,10.2,44.8,84.4,14.7,10.1,4.5,1.5,3.0,1.0,75.4,72.5,56.3,16.2,2.9,24.6,49.1,50.9,89.9,79.7,32.7,15.0,37.9,10.3,38.8,46.8,3.3,2.6,8.5,32.4,41.9,4.9,8.3,12.6,5.2,5.2,41.4,20.0,28.3,11.4,8.8,25.5,21.4,9.6,16.4,6.9,7.2,13.9,5.8,10.9,45.3,85.0,14.0,9.9,4.1,1.2,2.9,1.1,77.8,75.4,59.4,16.1,2.3,22.2,52.3,47.7,91.3,84.6,32.6,14.6,37.6,11.6,40.7,44.6,2.4,2.5,9.8,33.2,41.4,5.5,8.4,11.6
Ellis,5.7,5.6,44.5,22.5,21.7,7.0,9.0,29.4,25.1,8.1,16.3,5.1,8.1,11.2,2.7,10.6,36.6,85.5,14.4,8.3,6.1,4.6,1.5,0.2,92.2,91.0,71.2,19.8,1.2,7.8,40.1,59.9,87.8,75.9,34.3,21.7,33.0,7.4,27.9,60.0,1.3,2.1,8.8,21.9,58.9,2.9,6.6,9.6,4.0,5.3,48.3,18.9,23.5,6.6,7.8,30.1,28.1,7.9,13.5,6.0,8.8,10.8,2.2,9.3,39.0,85.8,13.4,7.0,6.4,5.7,0.7,0.7,88.6,88.1,67.8,20.2,0.5,11.4,26.0,74.0,87.9,72.8,33.9,20.6,34.1,8.2,29.9,58.0,1.0,1.8,9.3,23.9,56.1,1.7,7.6,10.8,5.2,3.3,50.7,22.6,18.2,8.2,6.6,29.2,24.9,8.0,16.4,6.9,9.8,11.0,2.0,9.9,36.3,86.1,13.9,8.4,5.5,4.4,1.1,0.1,92.2,91.7,70.3,21.4,0.5,7.8,28.8,71.2,90.4,73.8,32.9,21.2,34.7,6.9,30.3,58.5,1.8,1.8,7.6,21.8,57.4,2.3,6.9,11.6,6.4,5.8,44.4,24.0,19.4,6.0,9.5,27.3,27.2,8.2,15.1,6.7,8.0,12.0,4.6,10.2,36.9,85.9,13.4,9.4,4.0,3.2,0.7,0.6,91.5,90.7,72.1,18.6,0.8,8.5,31.7,68.3,94.3,89.6,33.4,20.6,34.4,8.0,30.5,57.5,1.7,2.0,8.3,24.3,54.9,1.8,6.6,12.4,3.8,6.3,45.9,23.3,20.6,6.6,7.4,30.5,25.2,8.2,15.5,6.6,8.7,10.2,2.7,8.6,34.6,89.1,10.8,6.2,4.6,4.2,0.5,0.1,92.0,91.2,70.1,21.1,0.7,8.0,52.4,47.6,95.8,92.4,33.2,22.0,33.3,7.8,29.0,61.0,1.2,1.6,7.3,24.0,57.5,2.1,6.1,10.3,3.6,5.5,46.5,24.0,20.5,4.9,6.2,28.3,26.2,7.9,18.5,8.1,7.1,13.0,6.2,9.3,45.4,89.5,10.3,5.2,5.1,4.6,0.5,0.2,93.3,92.3,71.2,21.2,1.0,6.7,41.5,58.5,96.4,92.3,33.0,20.2,34.8,9.2,29.2,59.0,2.0,2.2,7.5,25.6,54.0,2.8,6.9,10.6,5.9,5.6,42.1,25.8,20.7,4.7,7.4,27.8,25.7,8.4,17.7,8.4,9.2,12.1,5.0,10.8,33.6,87.2,12.6,5.5,7.1,5.3,1.8,0.2,92.3,91.7,68.4,23.2,0.6,7.7,33.5,66.5,95.4,89.8,33.6,20.2,35.6,6.9,29.3,57.9,2.1,2.8,8.0,24.5,55.0,2.1,6.4,11.9
Fort Bend,6.5,5.5,43.7,20.9,23.5,5.6,5.9,16.9,19.8,6.9,29.1,15.7,5.7,7.6,4.4,5.7,31.9,88.4,10.6,3.9,6.7,4.6,2.0,1.0,73.9,72.2,49.9,22.2,1.7,26.1,54.5,45.5,92.7,87.3,31.7,20.6,36.9,8.3,30.4,60.8,0.9,1.5,6.3,26.8,56.0,2.2,6.1,8.8,6.7,5.8,43.8,21.5,22.2,5.7,5.7,17.9,20.2,6.4,27.7,16.3,5.2,9.0,6.2,6.9,31.1,87.1,11.4,4.6,6.8,4.5,2.3,1.5,73.8,72.5,49.9,22.6,1.3,26.2,53.3,46.7,95.3,88.7,31.5,20.1,36.9,9.1,30.5,60.9,1.5,1.1,6.0,26.6,54.7,2.8,5.9,10.0,6.2,5.0,45.4,20.6,22.8,4.8,4.8,18.1,20.5,6.8,27.6,17.5,5.5,8.0,3.4,6.1,32.6,87.0,11.0,4.2,6.8,5.1,1.6,2.0,70.8,69.8,47.1,22.7,1.0,29.2,56.1,43.9,95.8,89.7,31.4,20.4,36.4,9.0,31.1,59.6,1.1,1.5,6.7,25.7,54.4,3.1,6.9,10.0,6.7,5.6,42.9,21.3,23.5,4.2,5.0,19.0,19.6,7.2,28.1,16.9,4.8,7.2,2.7,5.6,28.8,87.4,11.2,5.8,5.4,3.7,1.7,1.4,72.2,70.3,48.6,21.7,1.9,27.8,53.4,46.6,95.3,91.3,31.3,20.3,36.3,9.5,31.4,59.1,1.3,1.6,6.6,26.8,55.5,1.6,6.8,9.3,6.6,4.4,43.6,21.5,24.0,5.1,4.9,16.9,18.4,7.9,28.5,18.2,4.7,7.0,2.4,5.2,29.6,86.3,12.2,6.6,5.6,4.4,1.2,1.5,71.0,69.0,47.7,21.3,2.0,29.0,53.4,46.6,97.5,94.0,31.1,20.7,37.3,8.3,30.7,61.4,1.2,1.3,5.4,26.8,56.7,1.9,6.1,8.5,7.1,5.6,42.8,22.1,22.4,4.9,4.2,19.0,18.8,6.2,28.3,18.6,4.1,7.3,2.4,5.8,27.5,89.0,9.7,3.8,5.9,4.1,1.8,1.3,71.1,69.1,48.4,20.7,2.0,28.9,53.3,46.7,97.1,93.1,31.4,20.7,36.7,8.8,31.2,61.0,0.9,1.3,5.6,25.8,57.0,2.9,6.0,8.3,7.3,4.7,43.4,22.9,21.7,5.1,4.1,17.6,19.1,7.8,27.9,18.3,4.6,6.6,2.7,4.8,25.2,87.7,11.5,5.5,6.1,4.6,1.4,0.8,71.6,70.0,48.6,21.4,1.5,28.4,59.0,41.0,96.5,93.5,31.4,20.9,35.9,8.9,30.8,60.1,1.3,1.3,6.6,27.0,55.1,1.4,6.0,10.5
Galveston,7.4,6.4,40.4,20.4,25.4,5.1,6.7,23.8,26.4,8.8,19.1,10.1,8.7,12.8,5.3,11.8,33.9,82.4,17.3,9.1,8.2,6.3,1.9,0.3,90.0,88.7,61.7,27.0,1.3,10.0,46.4,53.6,85.8,78.3,36.8,19.2,32.7,7.0,32.9,52.4,1.7,2.2,10.9,25.9,48.9,2.8,8.3,14.2,6.0,4.2,41.1,18.6,30.2,5.0,8.1,26.6,24.5,8.1,18.0,9.8,8.7,12.9,4.2,11.2,38.4,82.8,16.5,8.5,8.0,6.2,1.8,0.6,89.8,88.7,62.7,26.0,1.2,10.2,42.3,57.7,87.4,76.3,38.3,19.6,31.2,7.0,32.4,52.1,2.4,2.0,11.1,26.9,50.3,1.7,8.2,13.0,8.4,5.0,42.4,22.4,21.8,5.3,7.2,24.5,23.9,8.9,20.6,9.7,8.4,13.9,4.0,12.1,41.4,85.1,14.5,7.6,7.0,4.7,2.3,0.4,91.1,89.4,63.2,26.2,1.7,8.9,41.0,59.0,88.9,78.7,36.8,19.0,30.0,8.1,33.7,51.6,1.8,3.1,9.7,26.9,48.4,2.9,8.5,13.4,6.4,5.9,40.3,22.0,25.4,4.6,7.5,23.9,24.0,10.8,18.3,10.9,8.1,13.7,6.1,10.9,40.9,87.1,12.6,7.2,5.4,4.7,0.7,0.3,89.9,88.1,63.9,24.3,1.8,10.1,38.2,61.8,90.5,83.6,37.4,19.1,31.0,7.9,33.3,51.9,2.9,2.4,9.5,25.5,50.3,1.9,8.6,13.7,5.3,3.6,44.1,22.8,24.2,3.9,6.5,27.0,22.7,8.7,20.0,11.2,8.5,13.9,4.4,11.4,42.9,82.9,16.5,9.4,7.1,5.1,2.0,0.6,89.8,88.3,61.8,26.5,1.5,10.2,52.1,47.9,93.3,86.7,37.0,19.3,32.1,7.2,32.4,52.7,1.1,2.8,11.0,27.2,49.5,2.0,8.3,12.9,5.8,3.7,43.8,22.0,24.7,3.5,7.4,24.1,23.5,9.4,21.7,10.4,9.5,13.4,5.5,10.6,39.0,79.8,19.8,9.8,10.0,7.5,2.5,0.4,90.1,89.2,65.5,23.7,0.9,9.9,37.7,62.3,93.4,87.6,36.8,19.2,31.9,7.0,31.5,53.1,1.1,2.8,11.6,27.8,48.8,2.7,8.0,12.8,4.8,4.6,41.4,23.1,26.0,4.0,5.4,26.3,24.5,9.1,19.8,10.8,7.8,11.1,5.2,8.0,33.5,82.4,17.1,8.9,8.2,5.8,2.4,0.5,88.9,86.8,63.3,23.5,2.2,11.1,45.2,54.8,95.1,92.0,37.8,19.5,31.2,6.7,31.9,53.0,1.0,2.5,11.6,27.3,51.0,1.8,7.7,12.2
Grayson,5.5,6.0,41.0,22.5,25.1,5.9,7.2,31.5,27.0,9.8,10.7,7.9,10.8,17.2,4.5,16.2,38.5,83.7,15.7,9.1,6.6,4.0,2.6,0.6,93.5,92.2,66.5,25.7,1.2,6.5,39.3,60.7,85.0,67.0,38.6,19.0,28.9,7.4,28.7,52.8,2.3,2.1,14.1,23.7,51.0,2.1,8.9,14.4,5.0,6.5,45.1,24.0,19.4,4.3,6.7,33.9,25.3,7.7,15.1,7.1,12.3,15.9,2.5,15.4,37.2,82.4,17.4,10.5,6.9,4.3,2.6,0.2,93.3,92.9,64.8,28.1,0.4,6.7,28.6,71.4,82.9,69.8,38.5,20.7,29.6,6.4,25.5,56.5,2.0,4.5,11.6,21.5,52.6,3.0,9.6,13.3,5.8,4.9,42.7,24.6,21.9,3.7,9.3,33.5,24.2,10.1,12.8,6.3,9.3,18.2,6.6,15.9,43.5,80.7,18.9,10.2,8.6,5.5,3.1,0.4,93.6,93.0,69.0,23.9,0.6,6.4,23.6,76.4,83.6,70.7,38.7,18.3,28.9,8.4,26.9,53.3,3.4,2.8,13.6,23.2,46.0,2.8,13.9,14.1,2.0,5.2,45.1,24.2,23.6,3.3,7.9,28.0,30.1,11.3,14.9,4.5,10.5,17.8,7.1,14.1,44.9,82.9,16.9,10.4,6.5,4.9,1.6,0.3,95.5,94.8,67.8,27.0,0.6,4.5,36.3,63.7,86.1,75.5,37.5,18.6,30.8,8.3,29.4,49.8,1.5,3.9,15.5,24.0,46.9,1.7,12.1,15.3,4.7,5.9,43.9,20.6,24.9,3.9,7.4,29.7,29.2,9.8,13.7,6.3,10.3,16.2,4.0,14.0,41.3,83.9,15.6,8.9,6.7,5.4,1.3,0.5,92.7,91.8,65.2,26.5,1.0,7.3,22.1,77.9,89.2,81.5,38.3,20.3,30.3,5.9,28.0,53.1,1.0,4.7,13.1,20.9,51.7,1.8,8.1,17.5,5.4,2.7,43.8,20.9,27.3,3.9,6.3,29.6,29.3,9.8,13.1,8.0,9.4,15.2,3.3,14.6,33.9,81.7,17.9,10.1,7.8,6.6,1.2,0.4,95.1,94.1,64.8,29.4,0.9,4.9,39.9,60.1,92.4,70.8,37.2,18.1,30.7,9.8,30.7,50.1,2.3,1.9,15.1,25.5,46.4,2.1,10.8,15.1,4.7,6.8,45.7,23.0,19.9,4.8,5.5,31.1,26.6,10.3,14.5,7.3,10.1,16.9,4.3,14.0,42.4,83.5,16.1,8.9,7.2,4.9,2.3,0.4,93.1,92.0,64.0,28.0,1.1,6.9,41.4,58.6,90.2,80.2,36.6,17.6,31.2,8.9,35.1,48.5,1.2,2.3,12.9,22.5,45.1,1.5,12.0,19.0
Gregg,4.8,4.9,49.0,18.7,22.7,5.9,7.8,30.9,28.5,9.2,11.8,5.8,9.9,12.9,5.4,10.0,40.1,77.5,22.3,14.3,8.0,5.3,2.8,0.2,92.1,91.8,69.8,22.0,0.3,7.9,29.7,70.3,81.7,67.6,39.4,19.3,29.8,7.8,33.4,52.0,3.0,2.8,8.8,22.2,50.5,3.7,8.2,15.4,6.0,5.5,43.2,17.7,27.6,5.9,11.0,26.7,27.8,7.7,14.9,6.0,8.6,14.1,9.3,9.4,43.7,78.9,20.0,13.3,6.6,5.5,1.1,1.2,90.7,90.0,69.2,20.8,0.7,9.3,34.5,65.5,82.4,67.6,39.0,17.7,29.0,8.8,32.7,50.3,2.8,3.1,11.1,25.9,44.3,5.2,11.4,13.2,5.6,5.8,50.2,21.1,17.2,5.4,10.8,29.5,25.2,8.1,15.0,6.1,9.7,16.3,5.9,14.5,43.8,80.9,19.0,12.9,6.1,4.8,1.3,0.1,91.2,90.6,69.6,21.0,0.6,8.8,26.0,74.0,86.6,65.5,38.1,16.5,28.7,10.0,35.5,47.8,1.7,1.6,13.4,24.3,41.3,5.6,12.2,16.6,6.0,5.6,45.7,17.5,25.3,7.6,12.0,28.0,25.5,5.6,13.9,7.4,8.0,15.1,5.9,12.0,45.0,81.9,17.6,11.7,5.9,4.3,1.6,0.5,89.0,88.6,68.1,20.5,0.4,11.0,29.9,70.1,87.5,80.0,38.0,18.4,32.4,7.4,32.7,52.3,2.6,3.8,8.7,24.7,46.3,2.4,11.2,15.4,6.9,4.1,50.7,20.0,18.3,5.9,9.3,28.0,29.7,8.6,13.3,5.3,7.4,15.0,7.0,11.8,41.7,80.1,19.5,11.2,8.3,7.0,1.2,0.4,91.2,90.2,70.1,20.1,1.0,8.8,21.0,79.0,90.2,81.1,37.3,16.9,33.7,7.0,35.9,45.0,2.6,4.9,11.7,29.1,44.3,1.6,10.7,14.4,4.6,1.5,52.4,21.9,19.6,5.9,8.5,29.9,26.7,8.0,13.2,7.6,8.4,13.8,7.0,11.3,35.7,85.2,14.8,8.8,6.0,4.6,1.4,0.0,92.2,91.2,69.9,21.3,1.1,7.8,40.9,59.1,90.4,83.1,38.1,17.1,31.4,7.8,38.8,44.2,2.9,1.5,12.6,28.3,45.7,1.8,8.5,15.8,9.2,4.5,42.8,21.9,21.6,4.7,8.6,27.9,26.4,10.3,15.0,7.1,7.1,11.5,6.3,10.4,24.6,82.1,17.9,8.5,9.4,8.0,1.4,0.0,90.3,90.0,70.2,19.8,0.3,9.7,34.5,65.5,92.5,87.0,38.4,18.3,30.9,6.5,38.6,46.8,1.5,3.6,9.6,26.0,48.6,2.4,7.6,15.4
Guadalupe,4.1,5.1,45.6,20.1,25.1,5.8,9.0,28.1,25.1,9.2,16.3,6.6,14.9,14.3,3.6,13.6,41.2,86.7,12.9,4.1,8.8,6.1,2.7,0.4,93.2,90.4,62.2,28.2,2.9,6.8,47.6,52.4,81.9,69.0,34.6,19.6,34.6,7.2,32.8,55.9,1.3,2.5,7.6,24.2,51.9,2.6,9.7,11.6,5.9,3.8,43.5,24.3,22.4,4.3,6.4,31.8,21.9,9.1,17.8,8.7,15.8,11.2,3.7,9.6,34.4,87.1,12.4,3.9,8.5,7.1,1.4,0.5,92.4,89.9,59.7,30.2,2.6,7.6,45.6,54.4,87.2,75.9,34.7,20.1,32.4,9.4,29.6,56.7,2.5,3.4,7.8,23.7,53.6,1.3,8.2,13.2,3.7,7.8,41.2,25.8,21.5,4.2,7.6,29.4,23.2,8.5,16.3,10.8,16.0,11.6,2.5,9.9,38.1,88.2,11.5,3.9,7.6,5.4,2.2,0.3,92.6,88.9,60.1,28.9,3.7,7.4,54.4,45.6,88.6,81.0,34.1,20.0,33.5,7.9,31.0,55.3,1.1,2.5,10.1,25.0,50.7,2.3,8.0,14.0,5.7,4.0,42.4,24.0,23.9,5.6,6.1,32.2,19.7,9.1,17.9,9.5,15.8,12.8,5.1,9.6,42.5,88.1,11.3,4.2,7.1,4.0,3.1,0.7,91.5,88.8,56.8,32.0,2.7,8.5,54.7,45.3,93.1,86.0,33.9,19.8,33.6,8.6,30.5,56.8,2.4,2.8,7.5,26.0,51.1,2.7,8.4,11.8,6.6,5.2,43.5,23.7,21.0,4.7,7.3,30.1,23.0,8.0,17.2,9.7,15.2,12.2,2.3,10.3,39.9,85.5,14.3,3.9,10.4,6.3,4.1,0.2,93.2,90.8,60.6,30.2,2.4,6.8,58.4,41.6,92.7,86.8,35.1,20.2,34.3,6.3,31.4,54.9,1.6,3.7,8.4,25.1,52.3,1.7,9.3,11.7,6.4,4.1,46.7,23.7,19.2,4.1,6.6,32.3,20.2,9.3,18.5,9.1,14.0,13.9,4.2,13.3,35.1,86.6,13.1,6.3,6.8,4.1,2.7,0.4,93.6,91.3,61.1,30.2,2.4,6.4,58.2,41.8,93.5,88.4,33.8,18.8,33.9,9.9,32.9,52.9,1.7,2.5,10.0,26.6,51.2,2.2,6.6,13.4,8.7,4.7,41.4,21.1,24.1,3.2,7.9,29.3,19.6,10.7,19.5,9.8,14.6,13.5,6.9,10.0,40.9,85.6,13.9,5.9,8.0,5.0,3.0,0.6,93.0,90.9,58.3,32.6,2.1,7.0,54.0,46.0,96.1,89.5,33.9,20.0,33.5,8.6,31.4,53.6,2.6,3.6,8.9,22.5,55.1,1.2,7.4,13.8
Harris,6.8,6.1,43.1,20.7,23.3,11.2,8.9,23.8,20.7,5.6,19.2,10.6,5.2,9.3,3.6,8.0,36.6,82.3,16.8,12.7,4.0,2.0,2.0,0.9,74.7,73.5,53.5,20.0,1.3,25.3,33.1,66.9,85.1,73.7,34.8,16.3,34.1,9.4,38.5,49.2,2.2,1.8,8.2,32.7,45.4,3.6,6.8,11.5,6.7,5.8,42.6,20.2,24.7,11.2,9.0,22.8,21.2,6.0,18.9,10.8,5.0,9.3,3.3,7.9,36.7,82.9,15.8,11.9,3.9,2.0,1.9,1.2,74.0,72.8,53.0,19.8,1.2,26.0,33.2,66.8,85.5,74.5,35.0,16.0,33.6,9.9,39.5,48.3,2.2,1.9,8.2,33.2,45.1,3.2,7.1,11.4,6.3,5.9,43.7,20.5,23.5,11.3,8.7,23.6,20.4,6.1,19.0,10.8,5.0,9.0,2.9,7.7,36.2,83.5,15.1,11.1,3.9,2.0,1.9,1.5,73.5,72.1,52.2,19.9,1.4,26.5,33.7,66.3,86.8,75.3,35.2,16.3,34.2,9.3,39.3,48.6,2.6,1.7,7.8,33.2,45.4,3.3,6.6,11.6,6.0,5.5,43.7,20.8,24.1,10.8,8.1,23.6,20.0,6.5,20.0,11.0,4.9,9.3,3.4,7.9,35.0,83.7,14.9,11.1,3.8,2.0,1.8,1.4,73.7,72.3,52.7,19.6,1.5,26.3,36.2,63.8,90.4,81.7,35.3,16.3,33.8,9.5,38.7,49.0,2.3,2.0,8.1,33.3,45.3,3.5,6.7,11.2,5.6,5.3,43.5,21.6,24.0,10.4,8.5,23.3,20.0,7.0,19.7,11.1,4.7,9.0,3.1,7.5,34.1,83.7,15.2,11.8,3.4,2.1,1.3,1.1,73.7,72.2,53.2,19.0,1.5,26.3,36.7,63.3,93.0,85.8,34.4,16.2,34.4,9.7,39.2,48.8,2.1,1.8,8.0,33.9,45.2,3.3,6.7,10.9,6.1,5.4,43.4,21.4,23.8,10.4,8.2,23.4,19.6,6.7,19.9,11.7,4.4,9.3,3.5,7.7,33.4,84.8,14.3,11.1,3.3,1.9,1.4,0.9,73.8,72.3,53.5,18.7,1.5,26.2,36.8,63.2,93.4,86.6,34.4,16.0,34.3,10.0,40.4,47.5,2.0,1.9,8.2,34.4,44.5,3.3,6.7,11.0,6.2,5.4,44.0,21.1,23.3,9.7,8.1,23.7,19.0,7.4,20.4,11.8,4.5,9.5,3.7,8.1,31.5,85.0,13.8,10.3,3.6,2.1,1.4,1.2,73.7,72.2,53.4,18.7,1.6,26.3,39.7,60.3,93.9,87.8,35.3,16.3,33.8,9.3,40.1,48.2,2.2,2.0,7.5,33.7,45.1,2.9,6.7,11.5
Harrison,5.4,4.8,51.2,19.3,19.3,5.3,13.8,33.8,22.3,7.0,13.9,3.9,7.0,18.8,6.6,16.4,52.2,89.9,9.9,5.5,4.4,3.9,0.5,0.2,94.2,93.5,67.8,25.7,0.7,5.8,31.4,68.6,73.7,61.7,35.3,18.5,34.4,9.0,30.1,50.1,1.4,2.2,16.2,26.6,47.5,1.9,10.0,14.0,5.2,6.5,42.1,21.3,24.9,5.6,11.2,31.0,21.7,8.3,14.9,7.3,8.8,11.0,1.3,8.8,36.3,92.8,6.7,3.0,3.7,2.1,1.6,0.5,92.5,92.0,67.8,24.1,0.5,7.5,20.2,79.8,72.7,58.0,34.8,20.0,36.4,5.9,35.3,50.3,0.8,1.7,11.9,22.6,54.0,1.0,10.1,12.2,6.6,9.5,43.4,25.3,15.2,4.5,11.0,39.1,23.1,6.3,12.2,3.8,7.8,9.8,2.3,5.9,35.9,91.0,8.9,5.0,3.9,2.7,1.2,0.0,93.3,92.9,70.5,22.3,0.4,6.7,18.9,81.1,75.3,60.1,34.0,19.2,33.2,8.7,30.9,57.4,1.8,2.9,7.0,23.7,48.4,1.0,11.8,15.1,6.8,1.6,47.4,25.1,19.1,5.8,10.9,32.8,27.8,5.8,11.9,5.0,7.8,11.2,4.2,10.5,25.9,89.2,10.7,5.1,5.6,4.6,1.0,0.1,94.1,93.9,68.9,25.0,0.2,5.9,56.3,43.7,75.5,67.5,36.6,20.5,34.3,5.3,28.3,58.0,0.3,1.4,12.0,22.0,51.9,2.3,10.1,13.7,10.1,1.2,45.7,24.2,18.7,3.3,9.2,33.9,27.4,6.9,13.6,5.7,9.7,10.9,5.1,8.9,27.7,91.3,8.7,4.7,4.0,2.2,1.8,0.0,94.3,94.0,65.6,28.4,0.3,5.7,36.1,63.9,82.0,72.6,34.8,20.0,33.7,7.5,29.1,57.3,0.7,2.0,10.9,23.7,54.6,2.0,7.7,12.0,1.1,3.6,47.1,31.5,16.7,5.7,8.7,35.7,22.6,7.3,14.2,5.8,8.6,17.3,5.6,16.0,40.8,90.6,9.0,4.6,4.4,2.0,2.4,0.4,93.2,92.6,69.4,23.1,0.6,6.8,15.9,84.1,86.8,66.5,35.1,18.2,36.3,6.1,34.6,49.6,1.4,5.4,9.1,32.1,45.1,3.5,7.9,11.4,8.1,5.1,51.6,21.5,13.8,4.7,9.7,31.7,26.9,7.3,13.2,6.5,7.1,18.1,6.5,16.7,39.3,80.5,19.3,9.4,9.9,7.9,2.0,0.1,96.1,94.5,68.0,26.5,1.6,3.9,53.9,46.1,89.8,73.0,37.1,18.6,30.6,8.6,33.9,50.6,0.2,3.1,12.3,25.9,48.2,2.5,11.8,11.6
Hays,3.5,3.3,34.0,15.4,43.8,4.4,4.9,22.9,24.5,7.7,24.0,11.5,8.6,9.6,3.2,8.4,34.2,76.9,22.7,8.8,13.9,11.3,2.6,0.4,93.0,91.7,67.1,24.6,1.3,7.0,30.4,69.6,91.6,77.6,35.8,17.6,30.5,6.8,40.4,48.4,2.3,1.7,7.3,36.9,43.8,2.5,5.9,10.8,4.1,3.4,34.4,13.0,45.1,5.8,7.1,21.6,22.6,7.7,23.9,11.3,6.7,9.5,3.5,8.0,34.5,76.0,22.7,10.1,12.6,10.5,2.1,1.4,91.0,89.5,64.0,25.6,1.5,9.0,17.9,82.1,90.1,79.4,35.7,16.9,27.5,9.8,40.6,47.6,2.2,1.1,8.6,35.5,43.9,2.4,6.6,11.7,5.1,3.8,30.3,15.4,45.4,4.5,6.0,22.9,25.5,5.4,24.3,11.2,7.4,9.2,5.0,7.3,31.1,79.2,20.3,6.7,13.7,11.1,2.5,0.5,91.2,89.9,65.8,24.1,1.3,8.8,31.1,68.9,89.8,76.7,35.9,16.9,29.4,6.5,43.2,45.1,0.8,2.5,8.4,37.4,41.5,1.9,6.1,13.0,3.7,5.1,31.7,17.5,42.0,6.0,6.3,21.5,24.0,6.0,21.4,14.7,8.6,8.9,4.6,6.5,33.4,79.7,19.9,7.7,12.3,10.4,1.9,0.4,90.3,88.3,62.9,25.4,2.0,9.7,49.7,50.3,96.4,82.7,36.2,18.8,27.3,8.5,39.2,50.3,1.1,2.2,7.3,34.8,48.5,1.6,4.9,10.2,5.0,3.6,31.4,15.3,44.6,2.7,5.9,20.3,25.1,6.7,25.6,13.7,7.4,7.6,5.0,6.0,23.8,80.3,19.6,9.6,10.0,8.5,1.5,0.1,91.6,89.6,64.4,25.2,2.0,8.4,31.4,68.6,97.4,84.6,36.2,18.7,28.2,6.5,39.3,50.6,1.1,1.0,8.0,38.5,44.9,1.0,4.6,11.0,3.9,3.3,32.8,14.7,45.3,3.5,4.8,25.6,21.8,5.8,25.9,12.7,6.3,9.5,4.1,7.8,30.3,85.3,14.5,6.9,7.7,6.2,1.4,0.2,92.3,91.0,67.8,23.3,1.3,7.7,34.9,65.1,96.0,88.5,34.7,18.2,29.5,7.3,41.2,49.1,1.4,1.6,6.7,38.5,44.5,2.1,4.9,10.0,4.3,3.1,31.7,17.9,42.9,3.1,6.3,25.6,21.8,6.7,24.7,11.8,6.5,10.9,3.9,10.0,31.4,84.6,15.0,6.5,8.5,7.1,1.4,0.4,91.4,89.4,65.7,23.7,2.0,8.6,31.8,68.2,97.1,91.3,34.9,18.0,29.7,7.0,41.6,48.5,0.7,2.2,7.0,36.0,46.6,1.8,5.9,9.7
Henderson,3.8,7.0,49.5,20.9,18.8,8.7,11.0,32.6,25.7,7.0,10.8,4.1,10.7,17.5,1.2,18.6,32.7,86.4,13.5,8.7,4.8,3.8,1.0,0.1,93.6,92.8,72.2,20.6,0.8,6.4,16.0,84.0,67.3,51.8,36.3,19.2,32.1,8.4,25.5,52.2,3.7,6.0,12.6,23.8,46.5,2.2,13.0,14.5,4.8,6.7,46.4,24.8,17.3,8.4,9.7,33.4,22.3,7.3,13.4,5.4,10.2,15.3,5.7,11.7,35.5,87.7,12.2,6.4,5.7,4.2,1.5,0.1,94.5,93.6,71.8,21.8,0.9,5.5,17.2,82.8,74.2,61.7,39.0,22.6,29.1,6.2,22.0,60.4,2.0,3.8,11.8,19.7,57.9,1.7,10.2,10.5,4.3,4.8,44.7,23.5,22.7,5.9,9.4,35.4,22.5,6.3,14.1,6.4,10.5,16.6,5.1,13.7,36.9,87.7,12.3,7.1,5.2,3.6,1.6,0.1,94.8,93.3,69.6,23.7,1.5,5.2,24.4,75.6,77.4,69.1,37.2,21.6,28.1,8.8,23.9,57.8,0.5,3.1,14.7,19.2,52.3,2.6,9.8,16.1,4.5,5.5,44.4,27.3,18.3,7.3,9.4,33.5,26.1,5.2,11.3,7.1,12.1,17.8,5.3,13.9,41.8,82.9,16.9,10.0,6.9,5.3,1.6,0.2,93.5,92.7,72.6,20.1,0.8,6.5,11.8,88.2,84.0,73.6,38.7,20.1,29.1,6.8,23.9,56.9,0.9,6.0,12.3,21.6,47.7,2.1,14.2,14.4,7.1,5.1,47.4,21.8,18.7,3.8,12.6,33.8,24.7,7.8,9.5,7.7,10.7,16.6,4.2,14.1,35.0,90.2,9.7,4.6,5.1,3.1,2.0,0.1,94.9,94.4,74.7,19.8,0.4,5.1,47.1,52.9,87.8,77.2,40.7,22.9,25.1,6.5,22.9,59.9,0.9,4.8,11.4,17.6,55.3,2.4,11.9,12.9,7.9,5.2,51.6,22.5,12.8,4.8,12.4,33.4,28.0,5.2,11.8,4.6,10.5,18.7,4.3,15.8,40.3,86.4,13.5,6.1,7.4,6.4,1.0,0.0,94.5,94.1,75.1,18.9,0.4,5.5,21.5,78.5,86.3,80.2,38.1,19.5,28.2,8.7,30.8,55.5,1.2,4.4,8.1,20.6,46.0,1.9,15.4,16.0,3.0,5.7,47.8,25.0,18.6,4.4,14.0,35.0,23.2,7.7,10.8,5.0,7.9,19.7,9.8,17.2,34.6,82.3,17.5,11.0,6.5,5.6,0.8,0.3,95.4,94.6,73.3,21.4,0.8,4.6,27.7,72.3,87.1,75.6,37.6,18.8,28.8,9.4,30.7,50.3,2.8,3.0,13.1,19.0,44.8,5.2,13.8,17.2
Hidalgo,6.3,7.0,48.0,21.3,17.4,23.3,15.1,23.1,18.0,4.2,12.0,4.2,4.0,12.1,4.7,10.1,48.6,89.5,9.7,7.5,2.2,1.1,1.1,0.8,71.1,70.1,60.0,10.1,1.0,28.9,23.3,76.7,71.9,53.7,27.7,15.7,41.7,12.2,34.1,54.6,3.2,2.5,5.6,29.4,49.0,4.7,8.3,8.6,5.9,6.2,46.7,22.2,19.0,23.4,14.4,22.4,17.0,4.9,13.2,4.7,3.6,12.8,5.4,10.0,52.9,90.1,9.4,7.8,1.6,1.2,0.4,0.5,72.2,71.3,62.4,8.8,0.9,27.8,26.5,73.5,77.5,58.1,27.5,15.1,42.7,12.5,35.5,53.7,2.2,2.5,6.1,30.8,45.9,5.9,8.0,9.4,5.8,5.6,47.7,22.4,18.4,23.7,14.5,22.4,17.3,4.8,12.0,5.3,3.5,12.9,5.1,11.2,46.3,90.6,8.7,6.3,2.5,1.7,0.8,0.6,72.3,70.9,62.0,8.9,1.4,27.7,26.7,73.3,78.7,59.7,27.1,14.9,42.7,12.8,35.7,52.1,2.7,2.6,6.8,31.9,45.9,5.6,8.2,8.3,5.6,5.4,46.5,22.5,19.9,21.4,13.1,23.3,19.6,4.4,12.8,5.5,3.0,13.8,4.8,12.1,50.0,90.0,9.3,7.4,1.8,0.9,0.9,0.7,73.3,72.0,62.4,9.6,1.3,26.7,28.4,71.6,88.4,68.1,27.9,14.8,42.7,11.6,37.7,51.1,2.4,2.4,6.5,31.3,46.3,3.9,7.5,11.0,5.9,5.9,45.4,23.7,19.1,21.8,13.0,23.5,18.3,4.8,13.3,5.4,3.3,14.1,6.0,11.7,52.3,89.9,9.7,7.2,2.5,1.9,0.7,0.4,73.8,72.3,63.5,8.8,1.5,26.2,27.8,72.2,88.2,69.6,28.2,15.0,43.2,11.1,39.4,49.7,2.5,1.9,6.4,33.1,45.5,5.4,6.7,9.2,5.9,5.7,47.2,23.6,17.7,20.0,13.7,24.0,18.5,5.2,13.2,5.5,3.0,13.2,5.5,10.8,48.3,91.5,8.1,6.3,1.7,1.2,0.6,0.5,72.4,71.2,63.2,8.0,1.3,27.6,25.8,74.2,84.0,68.9,27.7,14.4,41.7,13.8,39.3,49.7,2.7,2.5,5.9,32.2,44.0,4.1,9.4,10.3,4.9,6.7,46.0,22.5,19.9,19.5,13.0,24.5,18.8,5.2,13.5,5.5,2.9,11.4,4.5,8.7,44.6,90.6,8.8,6.5,2.2,1.5,0.7,0.7,73.7,72.2,64.0,8.2,1.5,26.3,30.5,69.5,89.4,73.2,28.8,15.2,40.9,12.4,40.4,50.3,1.6,1.8,5.9,33.2,46.2,4.3,8.2,8.1
Hunt,4.2,8.0,42.5,17.2,28.2,6.7,10.3,34.3,23.2,8.5,12.0,5.1,12.2,17.9,5.5,15.0,51.3,79.1,20.3,10.6,9.7,7.5,2.2,0.6,96.0,95.1,68.1,26.9,0.9,4.0,22.1,77.9,81.4,62.5,36.3,20.8,31.8,6.9,28.1,56.6,1.1,2.5,11.6,24.0,49.9,2.7,9.2,14.2,9.8,4.5,39.5,20.4,25.8,4.8,12.3,36.0,26.3,5.3,9.2,6.1,9.3,18.3,4.6,16.3,47.8,82.6,17.1,8.7,8.4,6.7,1.8,0.3,94.2,94.0,67.7,26.3,0.2,5.8,13.9,86.1,79.6,65.4,35.7,18.3,30.0,10.5,32.0,52.5,3.5,1.7,10.2,26.1,46.5,4.7,11.0,11.8,5.7,4.8,44.3,17.4,27.8,6.6,9.7,34.7,23.7,6.5,12.2,6.6,9.6,16.8,4.5,15.5,41.8,82.3,16.7,9.5,7.2,5.5,1.6,1.0,92.8,91.7,66.5,25.1,1.2,7.2,42.1,57.9,84.3,67.3,36.7,19.1,31.2,7.7,29.8,54.2,1.4,2.9,11.7,22.4,48.8,4.7,11.1,13.0,4.4,2.1,45.0,19.7,28.7,5.9,12.3,29.9,25.3,6.4,12.1,8.1,9.8,14.7,2.6,12.8,42.2,86.6,12.9,6.3,6.6,5.8,0.9,0.5,93.9,93.0,72.3,20.7,0.9,6.1,39.1,60.9,89.5,79.9,35.1,19.0,31.1,9.7,34.9,48.8,1.9,2.8,11.6,26.0,53.9,1.9,8.4,9.8,5.3,5.1,40.1,17.8,31.6,3.9,6.9,35.3,21.9,8.2,14.5,9.3,9.1,13.5,4.9,11.0,36.4,81.5,17.6,9.6,7.9,7.1,0.8,1.0,94.0,92.8,70.4,22.4,1.2,6.0,30.2,69.8,89.5,79.0,36.2,18.8,27.7,8.0,30.8,49.5,2.4,2.7,14.6,25.3,49.8,3.1,9.7,12.1,4.4,4.0,42.7,24.7,24.2,3.8,9.6,33.3,25.7,7.7,14.4,5.4,10.1,15.3,2.8,13.3,43.1,81.9,17.8,8.6,9.1,7.6,1.6,0.3,93.5,92.5,67.6,24.9,1.0,6.5,32.5,67.5,92.6,82.6,36.5,19.9,33.0,6.7,30.8,54.5,1.9,2.6,10.2,25.6,50.2,1.3,9.4,13.5,5.0,5.2,44.9,19.2,25.8,6.5,9.4,34.0,24.7,5.3,12.5,7.7,8.8,17.0,3.6,16.4,40.8,85.2,14.4,8.2,6.2,4.7,1.5,0.4,93.3,92.7,68.2,24.5,0.6,6.7,40.3,59.7,91.7,85.0,36.6,18.3,29.8,8.5,34.7,46.2,1.2,2.3,15.6,24.6,49.9,4.2,8.3,13.0
Jefferson,5.3,5.5,43.0,20.4,25.9,6.7,10.3,34.3,24.1,6.6,13.5,4.5,8.3,13.3,3.6,10.4,45.5,86.9,12.7,7.2,5.5,4.1,1.4,0.4,88.9,88.1,67.3,20.8,0.8,11.1,35.0,65.0,73.1,65.1,38.4,15.7,33.2,8.1,38.3,44.7,2.4,2.9,11.7,29.1,40.7,3.7,12.0,14.6,7.4,6.8,43.9,21.5,20.5,7.6,8.9,34.7,23.2,7.3,12.5,5.9,7.9,15.1,5.2,12.8,43.8,84.3,15.6,8.1,7.5,5.2,2.3,0.1,88.5,87.7,69.8,17.9,0.8,11.5,34.4,65.6,70.6,61.6,39.9,15.4,32.4,7.7,38.5,42.8,2.2,3.2,13.3,30.0,40.8,3.3,10.8,15.0,6.8,7.5,43.7,19.9,22.0,7.3,8.9,33.2,24.0,7.5,12.7,6.3,8.3,12.9,4.3,10.4,40.1,84.8,14.8,9.9,4.9,3.2,1.7,0.3,88.3,87.5,68.4,19.1,0.8,11.7,36.1,63.9,72.2,63.0,39.8,17.4,31.3,6.6,37.8,46.1,2.6,2.5,10.9,29.5,45.5,2.5,8.2,14.3,7.3,4.8,46.9,21.7,19.4,7.7,9.0,33.7,22.5,8.6,12.4,6.1,7.1,13.9,3.4,11.1,45.5,82.2,17.3,10.4,6.9,5.0,1.9,0.5,88.8,87.9,68.8,19.1,0.9,11.2,29.3,70.7,82.5,65.4,40.3,16.6,31.6,6.4,40.4,43.7,2.1,3.6,10.2,30.6,43.6,2.9,11.0,11.9,4.8,7.9,42.2,21.9,23.3,6.3,8.0,32.2,27.5,7.0,12.8,6.1,6.9,14.0,6.0,12.1,36.1,86.2,13.7,7.3,6.5,5.4,1.0,0.1,87.7,86.6,67.5,19.1,1.1,12.3,36.8,63.2,90.3,74.2,39.2,16.5,31.1,7.8,39.4,44.2,2.2,2.7,11.5,31.9,42.7,2.0,9.5,13.9,5.6,6.3,43.6,22.8,21.6,8.1,8.1,31.0,24.7,7.8,14.4,6.0,7.1,15.5,3.6,13.4,44.5,87.1,12.5,7.4,5.1,4.0,1.1,0.5,87.7,86.7,67.8,18.9,1.0,12.3,39.1,60.9,89.7,78.7,38.0,16.9,32.4,7.9,39.0,45.5,2.4,2.8,10.4,31.8,44.0,2.6,9.0,12.6,6.7,8.1,43.5,21.0,20.8,7.4,8.5,30.3,24.1,8.7,13.9,7.0,7.2,15.9,4.1,13.3,47.7,86.9,12.9,6.6,6.3,4.5,1.8,0.2,87.5,86.8,68.0,18.8,0.7,12.5,37.7,62.3,94.2,86.2,37.8,16.9,32.0,8.4,37.2,46.1,2.4,2.7,11.6,33.5,42.0,1.2,10.4,13.0
Johnson,4.5,5.0,47.0,23.2,20.3,5.8,10.8,32.0,25.0,8.3,13.3,4.8,8.1,11.4,1.8,9.9,37.5,82.6,17.3,9.9,7.4,6.1,1.3,0.1,93.2,92.5,67.8,24.7,0.7,6.8,38.3,61.7,86.8,74.3,35.2,20.8,30.1,10.0,26.0,58.3,2.5,2.7,10.5,21.0,55.5,1.4,8.5,13.6,4.1,8.5,46.2,24.0,17.1,8.0,11.3,30.0,26.5,8.0,11.9,4.3,8.1,11.6,5.1,9.0,38.3,89.0,10.9,4.7,6.2,5.6,0.6,0.1,91.4,90.5,67.5,23.0,0.9,8.6,27.9,72.1,89.5,75.0,35.9,21.3,31.9,6.9,25.6,59.3,2.6,2.8,9.6,21.7,54.1,3.3,8.7,12.2,3.8,4.1,46.8,23.1,22.1,7.1,8.3,31.6,26.3,7.3,13.4,5.9,8.1,10.9,2.6,9.0,35.7,88.9,11.0,5.8,5.2,3.9,1.3,0.1,94.4,93.3,68.8,24.5,1.1,5.6,28.8,71.2,89.3,77.3,34.4,21.1,33.0,7.4,26.7,57.6,1.3,2.9,11.6,20.5,55.9,1.8,7.4,14.5,6.9,4.7,50.1,26.0,12.3,5.3,9.1,37.6,23.1,5.3,15.0,4.5,5.6,12.2,1.9,10.9,37.1,92.0,7.8,4.2,3.6,3.0,0.6,0.2,96.8,96.3,68.8,27.6,0.4,3.2,34.2,65.8,91.8,83.1,33.7,19.7,32.2,8.7,28.5,55.2,2.7,2.8,10.8,23.0,52.0,2.1,8.1,14.8,6.0,6.2,50.1,20.0,17.7,4.2,10.0,34.2,25.0,8.1,13.1,5.4,5.9,9.9,3.1,6.9,36.2,92.2,7.7,3.5,4.2,3.3,0.9,0.1,96.9,96.1,61.0,35.1,0.8,3.1,65.8,34.2,92.2,87.1,35.8,21.0,30.5,8.5,27.9,58.8,1.6,2.4,9.3,18.7,56.5,1.7,10.0,13.1,6.5,5.7,49.5,23.2,15.0,6.1,8.8,35.3,25.1,6.9,11.9,6.0,6.0,8.9,1.7,8.2,25.9,91.8,7.8,2.5,5.3,4.2,1.1,0.4,96.0,94.8,68.3,26.4,1.2,4.0,39.0,61.0,94.5,90.2,35.1,20.8,30.5,8.6,27.0,56.1,2.7,3.0,11.2,20.7,58.3,1.9,7.1,12.1,4.6,6.1,47.9,22.1,19.3,4.8,9.5,39.8,21.0,6.0,13.5,5.4,5.4,9.6,2.0,7.7,31.8,88.1,11.8,4.9,6.9,5.0,1.9,0.1,94.9,94.2,68.5,25.7,0.7,5.1,46.4,53.6,93.5,89.7,34.2,19.2,31.3,10.8,29.3,54.5,0.8,2.3,13.1,21.1,55.9,0.6,9.2,13.1
Kaufman,7.3,6.8,43.9,23.0,18.9,7.0,9.0,31.1,25.1,8.1,13.7,6.0,8.4,11.4,3.2,10.1,38.5,87.8,11.4,6.8,4.7,3.4,1.3,0.8,93.6,92.7,69.0,23.7,1.0,6.4,37.9,62.1,83.1,68.9,32.2,19.6,35.4,9.3,29.1,55.3,3.5,1.8,10.3,24.9,54.5,1.8,7.8,11.0,4.3,4.5,48.8,23.0,19.5,3.7,9.7,34.8,24.5,8.0,12.9,6.3,9.1,11.1,4.3,10.6,31.1,83.8,15.9,6.5,9.3,8.4,0.9,0.3,91.2,90.5,72.3,18.2,0.7,8.8,24.0,76.0,86.1,69.7,32.5,18.3,34.0,10.6,32.3,54.7,1.3,2.3,9.3,27.4,48.1,2.5,8.4,13.5,4.4,3.3,49.1,24.6,18.6,4.3,9.8,33.7,24.7,7.1,13.7,6.8,7.2,13.1,6.1,11.3,39.4,82.5,17.4,5.4,12.0,10.7,1.3,0.1,93.1,92.1,71.5,20.6,1.0,6.9,28.6,71.4,83.4,68.4,31.6,16.9,36.0,10.9,32.2,52.0,3.2,2.2,10.4,24.3,47.7,2.9,9.8,15.3,5.2,3.4,48.1,23.0,20.4,7.0,7.0,36.6,21.9,8.1,12.8,6.6,7.1,12.2,3.3,11.4,37.2,85.0,14.6,5.4,9.2,8.6,0.6,0.4,92.3,91.8,71.8,19.9,0.5,7.7,29.8,70.2,91.4,82.3,31.4,18.7,34.6,11.3,30.9,57.4,2.0,2.7,6.9,28.8,46.8,3.0,8.7,12.7,7.6,4.9,46.8,23.0,17.8,5.9,9.0,32.5,21.0,9.2,14.2,8.3,7.4,12.2,4.4,11.1,37.5,85.8,14.2,5.6,8.6,7.0,1.6,0.0,92.3,91.6,70.1,21.4,0.7,7.7,46.7,53.3,93.0,83.1,31.0,18.7,38.4,8.5,32.0,55.0,2.8,1.4,8.7,24.6,50.6,2.1,8.2,14.5,3.3,7.6,48.1,26.4,14.6,4.9,9.4,30.6,27.3,7.5,13.4,6.8,8.4,13.2,5.0,13.4,32.6,86.7,13.1,5.1,8.0,5.7,2.3,0.3,90.6,89.5,70.9,18.6,1.1,9.4,31.3,68.7,90.9,81.1,30.7,17.6,37.4,8.9,29.6,54.4,1.5,2.5,12.0,26.0,49.4,5.0,6.9,12.8,6.7,7.6,39.0,20.4,26.3,4.6,10.1,31.5,26.4,8.5,14.0,5.0,7.4,11.7,5.4,9.5,36.7,79.1,20.8,5.7,15.1,11.0,4.1,0.1,91.5,90.8,70.1,20.7,0.7,8.5,38.7,61.3,96.5,85.0,29.5,17.8,36.6,11.4,31.1,52.3,1.1,2.9,12.6,26.3,50.2,1.9,7.3,14.2
Liberty,5.2,6.9,51.4,23.6,13.0,10.2,14.4,36.1,23.8,5.2,6.6,3.8,10.5,22.4,2.2,23.5,57.2,80.7,19.3,7.5,11.7,9.3,2.4,0.0,94.5,94.3,76.0,18.2,0.2,5.5,17.5,82.5,74.7,65.7,36.1,18.7,31.6,8.2,26.8,53.2,3.8,4.2,12.0,28.9,42.9,7.5,7.5,13.1,4.3,8.9,49.2,25.4,12.1,9.0,12.9,41.4,22.7,4.3,7.5,2.1,7.2,17.1,2.1,16.9,48.3,84.1,15.8,5.1,10.7,10.3,0.4,0.1,90.8,89.7,74.4,15.3,1.1,9.2,24.1,75.9,73.4,65.2,34.3,17.7,36.9,8.2,33.1,49.7,0.8,3.7,12.7,28.9,44.3,5.1,10.8,10.8,4.8,4.9,56.5,20.8,13.0,9.9,15.8,35.7,22.5,5.4,7.0,3.7,8.4,17.9,4.0,14.5,59.8,81.3,18.6,7.0,11.6,10.4,1.2,0.1,93.9,93.5,73.8,19.7,0.3,6.1,27.4,72.6,85.3,75.1,36.2,21.5,30.0,8.2,26.9,58.0,2.8,2.3,9.9,26.0,49.5,2.6,10.0,11.9,5.1,8.2,46.8,26.6,13.2,9.6,14.4,40.5,19.6,7.0,6.9,2.2,8.8,19.2,5.9,17.5,52.7,81.9,18.0,3.6,14.4,13.5,0.9,0.1,90.2,89.7,66.4,23.2,0.5,9.8,22.7,77.3,84.4,73.7,35.7,19.6,30.9,9.9,29.6,52.6,2.3,6.3,9.2,30.5,44.8,4.0,9.6,11.1,10.7,6.5,47.2,25.4,10.2,9.4,14.5,37.9,26.8,4.2,5.8,1.5,7.2,17.5,3.0,16.5,53.9,78.4,21.4,7.1,14.3,13.5,0.8,0.1,91.4,90.1,73.6,16.4,1.4,8.6,25.2,74.8,89.8,85.0,33.2,18.0,33.8,9.2,30.0,53.0,6.3,1.1,9.6,25.6,39.9,9.1,9.3,16.0,7.0,6.2,49.2,25.6,12.0,9.2,10.9,38.8,26.4,4.8,6.8,3.1,7.9,16.0,5.9,12.0,54.2,80.7,19.3,5.9,13.4,12.6,0.8,0.0,92.7,92.3,72.3,20.0,0.4,7.3,47.0,53.0,84.8,79.0,35.4,18.3,35.5,8.1,32.3,50.6,2.3,3.0,11.9,26.2,44.9,4.7,9.2,15.1,4.7,6.8,56.6,23.0,8.8,8.8,11.4,36.4,24.8,6.2,8.4,3.9,8.7,17.4,4.5,15.6,49.2,80.6,19.4,4.3,15.1,13.1,2.0,0.0,90.6,89.3,72.4,16.9,1.3,9.4,31.4,68.6,89.1,83.7,33.7,16.8,34.9,11.4,30.0,50.0,2.3,2.4,15.2,27.9,43.7,4.2,11.1,13.1
Lubbock,5.5,5.4,31.3,15.3,42.4,5.9,9.4,24.6,26.1,6.5,17.2,10.3,6.5,15.3,7.1,13.4,43.5,75.6,24.0,15.4,8.6,6.7,1.9,0.4,94.5,93.6,77.2,16.3,0.9,5.5,46.4,53.6,87.4,72.0,38.2,17.1,29.6,7.7,40.4,46.6,1.4,1.8,9.8,34.0,43.1,2.9,7.0,13.0,4.5,4.3,33.3,16.3,41.6,6.1,8.2,26.9,24.6,6.8,16.9,10.6,7.1,14.0,5.7,12.2,40.9,73.6,26.2,17.0,9.1,7.2,2.0,0.2,94.1,93.3,75.3,18.0,0.7,5.9,36.6,63.4,86.8,69.5,39.3,17.1,28.4,6.8,39.8,45.8,2.6,2.4,9.4,34.0,43.6,1.9,8.5,12.0,5.0,4.8,32.2,15.7,42.3,6.3,8.7,28.4,23.9,6.4,16.2,10.1,6.3,15.1,7.3,12.5,45.5,74.2,25.2,16.7,8.4,6.1,2.4,0.6,94.7,93.8,74.3,19.6,0.8,5.3,43.9,56.1,87.6,71.1,37.7,14.9,28.1,9.1,44.1,41.3,1.6,3.0,10.1,34.8,40.4,4.2,7.6,13.0,4.4,5.3,30.4,13.7,46.3,6.1,8.4,24.6,24.5,5.5,19.5,11.4,6.7,15.0,7.5,12.6,43.4,74.9,24.2,15.6,8.6,6.4,2.2,0.9,94.2,93.4,73.2,20.2,0.8,5.8,33.8,66.2,92.0,79.4,38.5,16.4,27.8,8.0,42.2,42.9,2.0,2.3,10.6,33.9,42.3,3.1,7.7,13.0,4.7,3.7,33.4,16.3,41.9,5.7,8.1,26.2,23.6,6.5,18.9,11.0,6.1,12.9,4.2,10.9,42.2,76.2,23.5,13.6,9.8,7.9,1.9,0.3,94.1,92.4,73.5,18.9,1.6,5.9,31.5,68.5,91.3,80.1,38.3,16.7,28.9,7.6,40.8,45.5,1.5,2.2,10.0,35.0,42.8,2.6,6.7,12.9,5.3,3.8,30.7,15.3,44.8,5.2,8.1,26.8,22.6,7.9,19.1,10.3,6.4,13.4,4.9,11.7,39.6,73.4,26.1,16.2,9.9,8.0,1.9,0.6,93.9,92.8,74.5,18.3,1.1,6.1,35.6,64.4,92.9,81.6,39.2,17.1,27.5,7.3,42.3,44.8,1.0,2.3,9.5,35.8,42.5,1.7,7.1,12.8,4.4,4.3,34.2,16.7,40.5,6.6,6.7,25.3,24.0,5.3,19.4,12.6,5.6,12.4,3.0,10.3,41.5,74.8,24.5,14.0,10.5,8.4,2.1,0.7,93.8,92.4,73.0,19.5,1.4,6.2,32.0,68.0,94.5,83.9,39.4,17.1,26.6,8.3,43.2,43.9,1.5,2.4,9.1,35.2,44.7,1.2,7.5,11.5
McLennan,5.9,6.7,34.2,15.8,37.4,6.7,9.5,28.5,23.6,10.8,13.3,7.5,8.7,12.0,4.2,9.9,37.6,79.7,20.1,13.7,6.4,4.7,1.7,0.2,90.8,89.5,70.8,18.8,1.3,9.2,35.0,65.0,80.8,61.7,37.8,16.6,31.9,6.0,40.5,45.5,1.4,2.6,10.1,33.4,41.4,3.2,9.4,12.5,5.1,6.6,36.5,16.9,35.0,6.8,9.5,29.2,24.0,8.6,14.6,7.4,9.6,12.5,3.3,10.5,39.5,82.2,17.3,11.0,6.3,5.0,1.4,0.5,90.9,89.7,72.4,17.3,1.2,9.1,26.0,74.0,81.7,66.1,37.3,17.9,31.8,7.4,38.2,48.2,1.6,2.5,9.5,29.9,45.7,2.3,9.2,12.9,5.2,4.8,37.1,18.1,34.8,5.4,9.8,28.5,22.5,10.5,15.1,8.3,9.7,12.2,5.1,9.8,37.6,82.4,17.2,10.8,6.3,4.5,1.9,0.4,90.9,89.9,71.7,18.2,1.0,9.1,24.1,75.9,85.5,68.4,36.9,18.0,29.8,8.4,36.0,52.5,1.0,1.9,8.6,31.2,45.3,3.1,8.8,11.6,5.4,4.7,36.7,17.5,35.7,6.7,10.3,29.1,22.8,9.2,13.5,8.3,7.6,13.8,2.8,11.9,42.5,80.1,19.5,14.9,4.6,3.1,1.5,0.4,91.2,90.2,72.3,17.9,1.0,8.8,34.7,65.3,89.1,74.4,36.6,16.3,32.7,6.7,38.6,45.6,2.0,3.2,10.5,32.0,39.6,3.4,9.8,15.2,5.6,5.2,34.6,18.9,35.7,7.2,9.2,25.7,23.5,9.8,16.4,8.2,7.5,13.5,3.6,11.4,40.8,76.3,23.4,14.1,9.3,6.5,2.9,0.3,91.3,90.6,71.8,18.8,0.7,8.7,22.5,77.5,88.0,80.9,37.7,17.7,30.7,7.5,38.8,47.8,1.2,2.8,9.4,32.8,46.3,2.4,8.7,9.8,5.0,3.6,38.8,18.0,34.5,5.4,9.2,26.6,23.2,10.7,16.1,8.8,7.7,14.4,5.8,11.5,42.4,79.4,20.1,12.1,8.1,5.1,2.9,0.5,91.5,90.1,71.3,18.8,1.4,8.5,32.0,68.0,88.5,80.9,37.7,17.0,29.3,7.5,40.2,48.5,1.6,1.9,7.8,34.4,42.5,2.3,8.5,12.4,6.3,3.6,36.5,17.5,36.1,5.0,8.2,26.4,22.5,12.1,16.4,9.4,6.6,13.4,7.6,10.0,38.0,84.1,15.5,8.5,7.0,4.0,3.0,0.4,92.1,91.0,73.7,17.3,1.1,7.9,31.7,68.3,92.7,84.2,37.6,17.3,31.1,7.3,38.3,46.7,1.7,2.8,10.5,34.2,41.7,2.4,9.0,12.7
Midland,5.0,7.5,47.1,22.2,18.2,7.1,10.3,23.6,27.3,4.0,19.8,7.9,7.1,9.8,4.5,7.4,38.9,76.9,22.6,13.4,9.2,4.5,4.7,0.5,90.6,89.9,67.3,22.6,0.7,9.4,25.4,74.6,90.2,76.6,35.2,16.6,30.3,10.6,37.2,48.1,1.5,1.7,11.6,26.3,48.7,2.9,7.0,15.0,6.3,6.0,49.5,20.0,18.2,7.4,9.5,24.6,25.4,7.4,18.2,7.4,6.8,8.3,2.7,7.0,33.3,84.0,15.2,7.0,8.1,5.5,2.6,0.8,87.4,86.8,69.1,17.7,0.6,12.6,32.6,67.4,88.5,82.1,34.9,17.8,33.2,9.1,33.6,51.7,3.3,2.0,9.4,23.2,54.7,3.2,8.2,10.7,5.7,4.5,49.7,22.3,17.7,5.9,8.7,25.7,25.2,8.1,18.6,7.7,5.7,10.1,2.2,9.8,35.3,81.6,17.7,9.5,8.2,5.7,2.5,0.7,87.8,86.7,68.9,17.8,1.1,12.2,41.4,58.6,92.7,81.8,35.4,19.0,31.3,9.3,29.9,56.9,1.3,1.1,10.9,26.8,52.7,1.5,7.2,11.8,5.9,4.8,48.6,20.7,19.9,7.2,9.1,27.4,21.3,8.5,19.4,7.1,5.4,9.4,2.3,7.5,41.6,79.7,19.5,12.3,7.3,3.8,3.5,0.7,87.9,86.9,67.7,19.1,1.0,12.1,38.3,61.7,90.4,84.3,35.0,17.9,33.4,7.5,32.8,49.8,1.4,2.4,13.7,24.9,52.0,2.5,7.9,12.6,6.1,5.4,52.0,21.0,15.5,5.8,9.2,28.7,20.4,8.2,20.4,7.3,6.5,8.9,1.4,7.6,37.7,84.0,15.6,8.9,6.7,5.9,0.8,0.4,84.9,84.1,67.7,16.4,0.8,15.1,29.3,70.7,91.3,86.0,34.8,19.2,33.5,8.2,30.9,55.3,1.5,1.8,10.6,24.4,55.4,2.0,7.5,10.7,4.7,6.2,45.0,18.2,25.9,5.4,10.8,23.7,24.0,8.4,19.9,8.0,6.7,11.3,2.1,10.2,42.3,81.5,18.0,7.5,10.6,6.6,4.0,0.5,86.3,85.7,62.3,23.4,0.6,13.7,37.1,62.9,94.3,86.9,33.7,16.2,37.4,7.3,32.1,52.0,3.2,2.8,9.9,30.4,43.9,4.3,7.5,13.9,7.3,4.1,49.0,16.9,22.6,6.5,7.7,22.9,26.5,7.1,19.9,9.4,6.5,10.9,3.0,9.5,41.6,81.2,17.4,8.0,9.4,6.1,3.3,1.4,85.4,83.8,60.1,23.6,1.6,14.6,42.5,57.5,96.3,81.7,33.9,16.7,35.8,8.1,38.5,45.4,0.8,2.0,13.3,26.4,49.8,3.6,9.0,11.2
Montgomery,6.9,6.4,46.6,21.8,18.2,4.8,8.2,28.0,21.1,6.3,22.0,9.7,8.5,10.0,1.6,9.2,34.5,84.6,14.0,6.8,7.2,4.8,2.3,1.4,86.7,85.3,54.0,31.3,1.5,13.3,28.4,71.6,89.7,78.5,34.3,20.4,33.7,7.5,27.6,60.4,1.7,1.7,8.7,23.6,53.7,2.5,8.1,12.1,6.9,5.4,47.5,22.8,17.4,6.0,8.1,21.6,24.6,5.7,22.9,11.3,8.7,11.6,4.3,9.3,40.3,83.3,16.2,7.3,8.9,5.2,3.7,0.5,87.7,86.5,56.0,30.5,1.2,12.3,34.6,65.4,89.7,80.0,35.0,21.1,33.6,5.9,29.5,58.6,1.4,1.5,9.0,22.9,56.8,1.5,6.7,12.1,6.0,5.2,48.7,22.9,17.2,6.2,7.7,23.3,20.8,8.0,21.5,12.5,8.7,9.7,4.5,8.4,27.5,86.7,12.8,6.1,6.7,4.2,2.5,0.5,87.4,86.2,55.8,30.4,1.3,12.6,36.0,64.0,91.9,83.6,34.8,20.4,34.0,7.0,27.6,57.2,1.7,2.1,11.3,24.3,54.1,2.2,7.5,11.9,6.8,4.0,47.1,24.4,17.7,4.7,8.3,23.6,22.1,7.9,21.2,12.2,6.6,11.2,4.8,9.3,33.8,84.6,14.6,8.2,6.4,4.3,2.1,0.8,86.3,84.5,52.1,32.4,1.9,13.7,34.3,65.7,93.8,87.4,35.0,20.6,32.8,6.9,30.0,57.4,2.2,2.4,8.0,25.2,54.1,2.1,7.0,11.6,8.1,5.4,44.8,24.6,17.1,4.9,6.4,24.1,24.2,7.4,22.1,11.0,7.2,9.4,3.4,7.5,30.7,83.6,16.0,8.3,7.7,5.6,2.1,0.4,86.4,84.4,54.8,29.6,2.0,13.6,38.3,61.7,95.7,91.5,34.4,21.1,33.9,7.1,29.6,58.9,1.7,2.5,7.2,24.3,54.9,2.6,7.5,10.7,5.3,5.7,45.3,22.7,20.9,5.5,7.5,21.3,21.6,8.0,25.1,10.9,8.1,10.0,3.3,7.4,35.4,85.7,13.2,7.3,5.9,4.3,1.6,1.1,85.8,84.1,55.6,28.5,1.7,14.2,34.2,65.8,96.5,91.8,34.5,20.2,33.9,6.8,30.0,56.7,0.9,2.4,10.0,22.6,53.4,2.1,8.0,13.9,6.6,5.3,46.1,25.1,16.9,5.0,6.8,23.2,24.4,6.7,23.0,10.9,6.9,9.9,5.0,7.4,31.6,87.5,11.6,5.8,5.9,3.9,2.0,0.9,86.1,83.6,53.6,30.0,2.5,13.9,34.8,65.2,96.9,92.8,34.6,21.1,33.2,6.8,29.8,58.2,1.2,1.8,9.0,24.0,57.1,2.1,6.5,10.3
Nacogdoches,6.9,1.9,31.0,16.3,43.8,8.8,14.2,28.3,17.8,5.8,12.6,12.5,6.4,14.1,4.6,13.1,36.9,81.6,18.1,10.9,7.2,6.6,0.6,0.3,89.6,89.4,72.9,16.5,0.2,10.4,13.5,86.5,74.0,58.0,37.8,16.4,30.7,9.3,42.1,46.9,1.4,2.4,7.2,37.4,36.6,1.5,11.8,12.7,4.6,6.5,31.2,11.8,45.8,5.8,8.7,32.1,21.8,6.7,14.6,10.4,7.9,17.5,8.7,15.7,42.8,79.2,20.5,10.2,10.2,9.2,1.1,0.3,90.5,90.3,76.4,13.9,0.2,9.5,23.8,76.2,81.9,67.7,41.1,19.2,27.5,6.3,37.1,49.9,2.7,1.7,8.7,36.0,41.7,3.7,7.3,11.2,5.9,3.2,32.3,10.0,48.6,8.9,8.6,27.9,20.4,9.6,14.8,9.8,6.1,14.1,3.1,11.9,47.8,75.4,24.4,14.1,10.3,9.7,0.5,0.2,91.9,91.0,76.3,14.7,0.9,8.1,17.2,82.8,87.0,77.2,39.0,17.5,29.7,6.5,39.7,44.4,3.3,3.3,9.4,38.7,40.3,1.6,11.6,7.8,3.3,2.4,32.8,12.6,48.9,6.2,14.6,24.8,23.2,5.4,17.3,8.4,7.2,21.7,8.8,19.5,55.9,75.2,24.8,13.1,11.7,9.8,1.9,0.0,92.4,91.6,76.7,15.0,0.8,7.6,11.9,88.1,84.6,75.6,38.3,15.6,29.6,7.4,44.0,45.4,3.3,1.0,6.3,39.4,34.9,4.7,11.4,9.6,2.6,3.7,33.2,17.5,43.1,6.4,7.6,31.8,23.4,6.6,14.4,9.8,6.9,14.7,8.2,13.8,29.7,77.0,22.8,14.9,7.9,7.3,0.6,0.2,92.1,91.0,74.9,16.0,1.1,7.9,31.7,68.3,89.7,79.2,37.8,18.8,29.7,8.0,41.3,46.2,2.3,3.5,6.7,36.0,42.2,3.5,5.5,12.7,6.9,7.5,26.8,17.7,41.1,8.9,8.8,31.0,21.7,7.9,14.4,7.3,6.3,19.8,8.2,17.3,51.0,79.0,21.0,11.2,9.9,8.4,1.5,0.0,92.3,91.2,74.8,16.4,1.1,7.7,21.7,78.3,87.4,80.5,38.8,17.2,28.9,5.8,38.6,44.5,1.5,3.5,12.0,37.3,40.8,2.1,8.4,11.4,2.5,4.0,28.4,18.9,46.2,7.7,7.5,31.2,25.1,4.9,14.6,9.0,7.5,18.0,7.7,17.1,38.7,81.5,18.4,11.2,7.3,6.3,0.9,0.0,92.2,91.0,76.0,15.0,1.2,7.8,41.1,58.9,92.6,79.8,41.3,17.6,28.2,6.6,41.4,42.2,3.0,2.3,11.1,38.1,43.8,2.5,9.0,6.7
Nueces,5.4,4.5,47.8,20.4,21.9,8.3,10.4,30.0,25.4,7.3,12.2,6.4,10.9,14.0,5.8,11.7,41.9,79.4,20.2,12.8,7.4,5.3,2.1,0.4,91.8,90.4,73.8,16.6,1.4,8.2,40.5,59.5,82.5,70.3,37.1,16.9,30.2,9.9,35.5,49.5,2.3,2.8,9.9,30.3,45.0,3.4,8.7,12.6,5.2,6.1,44.3,21.2,23.2,7.7,10.5,28.7,24.2,7.4,13.3,8.1,9.6,14.5,5.0,12.4,43.8,81.9,18.0,11.7,6.3,4.4,1.9,0.1,92.5,91.3,76.0,15.4,1.2,7.5,48.0,52.0,84.4,73.3,36.9,16.7,31.9,9.9,34.9,47.5,2.7,3.1,11.7,27.8,46.7,3.8,9.4,12.4,4.8,5.8,43.6,21.8,24.0,8.3,11.3,28.3,22.9,8.6,13.7,6.9,10.2,14.7,4.7,13.0,42.4,78.5,21.2,13.2,8.0,5.2,2.9,0.3,91.0,90.2,73.7,16.5,0.8,9.0,38.6,61.4,84.9,72.3,37.0,16.6,31.1,8.9,37.0,46.8,1.7,2.3,12.1,29.2,43.9,4.0,9.5,13.4,4.0,4.6,45.1,20.2,26.1,6.9,10.1,28.0,25.1,7.9,14.4,7.7,10.1,13.2,4.0,11.1,39.6,82.3,17.4,11.2,6.2,4.4,1.8,0.4,91.6,89.9,74.0,15.9,1.7,8.4,37.5,62.5,87.3,81.4,36.6,16.5,30.8,10.1,37.3,47.0,2.3,2.8,10.6,31.2,44.6,3.3,8.9,12.1,5.1,5.2,43.4,21.7,24.6,7.8,9.9,29.6,24.1,7.5,13.6,7.4,10.2,13.1,3.4,11.0,39.8,85.0,14.6,10.0,4.6,2.9,1.7,0.3,91.7,90.7,74.7,16.0,1.0,8.3,34.5,65.5,90.0,83.0,36.5,16.8,31.5,9.9,38.4,45.9,1.7,3.0,11.0,30.1,44.5,2.5,10.0,12.9,6.2,6.1,43.0,21.3,23.4,7.3,9.7,28.7,24.2,8.1,14.3,7.7,9.1,12.0,2.9,9.7,37.3,82.9,16.7,11.8,4.9,3.1,1.9,0.4,91.2,89.9,74.8,15.1,1.3,8.8,34.4,65.6,89.8,84.0,36.7,16.6,30.7,10.3,38.9,44.5,1.5,3.3,11.9,32.0,44.3,2.5,8.8,12.4,6.3,4.5,44.7,21.4,23.1,6.7,8.8,31.1,21.6,8.1,14.8,8.8,8.4,13.2,6.8,10.2,35.9,84.8,15.1,9.8,5.3,3.3,1.9,0.1,90.5,89.6,74.7,14.9,0.9,9.5,40.0,60.0,91.6,86.8,37.1,16.6,30.7,11.0,37.9,46.6,1.8,2.0,11.6,28.8,44.4,2.7,9.1,15.1
Parker,6.1,6.5,47.3,21.2,18.9,3.7,6.5,26.8,28.3,7.9,19.2,7.6,9.0,12.0,5.4,9.7,34.0,86.5,13.2,6.1,7.0,5.4,1.6,0.3,96.4,95.0,69.2,25.8,1.3,3.6,28.9,71.1,88.1,75.0,36.9,22.3,29.5,7.2,25.4,57.4,1.9,3.0,12.2,17.0,55.9,1.4,7.9,17.8,5.2,6.7,47.4,21.7,19.0,4.4,5.2,28.2,26.6,8.7,19.8,7.0,12.2,15.2,7.1,13.5,35.2,85.3,14.6,5.2,9.4,7.3,2.1,0.1,95.5,95.0,68.5,26.5,0.5,4.5,37.2,62.8,87.7,78.1,35.2,21.7,31.1,7.2,27.7,56.8,2.1,2.0,11.4,20.8,57.2,2.4,9.0,10.6,5.9,4.1,50.7,21.0,18.3,4.8,8.9,29.0,24.2,7.0,18.4,7.7,11.0,13.8,6.9,10.7,37.7,85.3,14.7,6.6,8.2,5.6,2.6,0.0,95.9,94.8,68.9,25.9,1.1,4.1,32.2,67.8,91.7,79.7,34.3,22.4,32.6,7.6,25.5,62.2,2.4,1.8,8.1,17.3,62.6,0.8,8.3,11.0,6.3,5.7,47.8,22.9,17.3,4.5,7.3,31.3,26.9,8.1,14.7,7.2,10.3,13.5,5.2,10.4,39.4,81.9,16.1,7.2,8.9,6.7,2.1,2.0,92.8,91.5,64.3,27.3,1.3,7.2,36.8,63.2,93.5,82.9,34.5,21.7,30.9,7.7,24.4,59.1,0.8,3.3,12.4,17.0,60.1,2.3,7.5,13.1,5.7,3.7,45.4,23.8,21.3,3.9,6.6,27.5,25.3,10.4,18.8,7.6,10.7,11.3,3.0,8.4,35.1,87.1,12.5,4.3,8.2,7.2,1.0,0.3,95.5,93.5,66.5,27.1,1.9,4.5,46.3,53.7,95.1,89.9,33.6,20.9,33.4,8.4,25.6,56.5,1.3,4.0,12.6,20.4,54.9,1.7,8.1,14.9,5.0,4.8,47.1,26.2,16.9,2.8,7.5,31.5,19.9,10.5,17.6,10.2,8.7,11.4,3.5,9.4,32.4,89.8,9.6,4.2,5.4,3.5,2.0,0.5,96.1,95.4,68.4,27.0,0.7,3.9,39.4,60.6,94.9,85.6,33.9,21.1,35.1,6.5,28.5,58.5,1.4,2.3,9.3,22.9,54.3,1.9,8.9,12.1,5.7,7.1,45.7,26.0,15.6,4.1,8.1,27.6,21.7,13.5,16.6,8.4,8.4,10.8,2.0,9.7,29.4,92.0,7.8,2.8,5.0,3.1,2.0,0.2,94.3,92.9,68.3,24.6,1.4,5.7,37.7,62.3,95.8,85.5,30.8,20.3,35.6,7.9,27.9,55.4,0.7,4.3,11.8,25.3,55.5,0.1,8.1,11.0
Potter,9.9,6.8,44.8,20.5,18.0,10.1,14.1,27.8,25.9,6.1,11.3,4.7,9.2,11.4,2.1,8.9,48.7,78.5,21.1,11.5,9.6,6.5,3.1,0.4,85.8,85.3,62.4,22.9,0.5,14.2,28.3,71.7,78.4,62.7,37.6,16.4,33.5,6.7,35.2,45.4,3.7,3.7,12.0,28.6,41.5,4.1,10.2,15.6,7.4,7.7,46.4,20.2,18.3,11.2,11.4,29.6,27.2,7.3,8.7,4.6,8.4,12.1,3.3,11.4,36.7,78.8,19.8,10.3,9.5,7.3,2.2,1.3,83.9,83.3,64.9,18.4,0.7,16.1,21.3,78.7,75.0,61.7,37.1,14.7,33.6,10.1,37.1,41.9,3.6,2.5,14.9,30.2,40.7,4.1,9.7,15.3,7.9,6.6,41.3,19.0,25.3,10.7,12.7,27.8,25.7,7.4,11.5,4.2,6.5,12.2,1.5,11.8,41.8,81.8,17.8,10.8,7.0,6.3,0.7,0.4,85.9,85.1,65.9,19.2,0.8,14.1,28.8,71.2,79.5,65.0,38.1,15.8,34.0,7.0,34.4,45.7,2.9,3.1,14.0,29.4,42.6,4.1,8.2,15.6,5.6,8.3,47.5,19.5,19.1,11.1,13.2,32.1,22.0,6.8,9.9,4.8,6.0,12.7,3.2,11.2,42.2,80.9,18.4,11.1,7.4,6.1,1.2,0.7,82.5,81.6,59.7,21.9,0.9,17.5,25.3,74.7,86.5,69.4,37.2,17.1,32.9,7.7,35.8,45.1,2.8,3.7,12.5,27.4,47.2,4.1,9.2,12.1,6.8,4.2,48.8,24.0,16.2,11.3,12.7,32.4,19.7,7.9,10.7,5.3,7.7,10.1,1.7,9.3,35.6,83.5,16.3,11.3,5.0,4.0,1.1,0.2,83.7,83.2,62.9,20.3,0.6,16.3,30.6,69.4,90.8,76.0,39.8,18.5,30.9,7.0,33.3,49.1,2.2,2.5,12.8,24.3,48.9,4.9,9.7,12.2,7.9,4.6,46.4,18.7,22.4,9.1,10.8,33.3,24.4,6.7,10.6,5.1,7.5,10.1,3.1,8.6,36.8,79.1,20.6,11.5,9.1,7.8,1.3,0.3,82.8,82.0,64.0,18.0,0.9,17.2,27.0,73.0,90.0,77.8,40.4,16.2,30.4,8.4,37.4,41.2,3.6,3.7,14.1,25.7,46.9,4.9,8.3,14.1,8.2,4.5,52.2,19.4,15.8,9.9,13.1,31.5,23.4,8.8,9.0,4.4,7.0,13.2,4.0,11.9,38.3,84.7,15.2,9.4,5.8,4.4,1.4,0.1,85.8,84.1,62.5,21.6,1.8,14.2,24.2,75.8,93.2,85.5,39.8,14.8,32.1,8.8,36.2,43.8,3.4,3.4,13.1,30.7,41.8,3.0,9.0,15.6
Randall,5.7,3.8,41.6,17.6,31.3,2.9,5.8,23.7,29.8,7.9,20.2,9.8,10.5,11.3,3.8,8.4,38.9,83.2,16.7,7.2,9.5,6.0,3.4,0.1,96.0,95.2,69.0,26.2,0.8,4.0,25.0,75.0,88.4,78.8,39.4,21.1,27.7,5.4,31.0,56.6,1.4,2.7,8.3,24.7,53.0,3.1,7.7,11.5,7.2,5.7,38.0,20.0,29.1,2.4,5.7,19.9,32.2,8.6,20.4,10.7,8.7,10.3,2.4,7.1,39.2,86.3,13.7,6.4,7.2,5.3,2.0,0.0,95.4,94.8,70.9,23.9,0.6,4.6,43.1,56.9,89.2,81.3,39.1,21.4,30.3,5.0,28.6,55.8,1.4,3.6,10.5,24.7,53.1,1.1,7.8,13.3,7.1,4.7,39.0,18.6,30.5,2.6,6.2,22.2,27.3,10.1,21.2,10.4,8.7,11.6,2.7,9.6,36.8,80.7,19.0,11.3,7.7,6.3,1.4,0.3,95.3,94.6,71.0,23.5,0.7,4.7,48.5,51.5,92.8,82.2,37.8,19.5,31.4,5.9,32.7,52.5,1.2,2.3,11.2,23.4,49.3,3.2,9.6,14.6,4.7,5.0,39.5,19.7,31.2,2.4,7.2,19.5,27.4,11.9,21.0,10.6,9.5,12.2,4.4,8.9,40.5,77.0,22.8,9.8,13.0,10.7,2.3,0.2,94.1,93.4,67.1,26.3,0.7,5.9,40.6,59.4,94.3,89.2,38.2,21.1,27.7,6.7,30.4,57.0,0.9,2.2,9.4,21.3,55.0,2.3,8.9,12.5,5.6,4.7,36.3,19.4,34.0,1.4,5.6,24.9,27.6,9.5,22.4,8.7,8.0,13.7,4.1,11.9,36.6,80.8,18.9,10.6,8.3,6.4,1.9,0.3,94.0,93.2,69.4,23.7,0.8,6.0,39.3,60.7,95.7,87.2,37.1,20.2,30.9,5.6,32.0,55.2,0.4,2.5,10.0,25.1,50.4,2.3,8.2,14.0,2.5,4.4,46.5,21.6,24.9,3.0,4.6,21.8,26.0,9.4,25.8,9.6,8.8,10.2,2.1,9.1,27.8,84.5,15.1,6.6,8.5,7.1,1.4,0.4,94.8,93.5,69.8,23.7,1.3,5.2,39.7,60.3,96.3,91.4,37.0,20.6,32.3,6.8,31.2,57.3,1.7,1.8,8.0,25.8,50.9,2.1,8.9,12.3,3.2,3.9,43.3,19.7,29.9,3.0,3.6,24.8,24.6,8.8,23.5,11.7,9.7,10.1,2.1,7.4,32.9,83.1,16.5,6.2,10.3,7.3,3.1,0.4,94.4,93.7,68.9,24.9,0.7,5.6,37.5,62.5,95.7,91.9,37.2,19.9,30.2,7.3,28.4,59.2,0.7,2.8,9.0,25.5,51.8,2.0,8.6,12.1
Rockwall,7.4,4.8,49.1,21.2,17.6,3.9,5.8,23.2,22.6,7.3,24.4,12.7,9.0,7.1,3.1,6.6,20.5,88.4,11.6,3.5,8.1,5.6,2.5,0.1,91.9,90.3,57.7,32.6,1.6,8.1,50.0,50.0,92.9,85.7,32.9,20.5,38.0,4.3,28.0,63.4,0.2,2.8,5.7,23.9,50.5,1.5,8.4,15.6,4.3,2.9,46.4,24.3,22.0,3.8,3.5,23.4,24.6,9.3,24.3,11.1,6.9,9.4,2.9,8.6,28.7,83.2,16.7,4.0,12.8,10.1,2.7,0.0,91.6,90.1,60.3,29.8,1.5,8.4,38.8,61.2,94.4,89.0,33.7,23.5,32.6,6.0,24.6,66.5,0.7,0.8,7.3,21.6,59.4,2.5,5.3,11.2,6.2,3.5,47.4,24.8,18.0,4.3,4.3,20.4,25.8,6.5,27.0,11.6,8.3,8.8,4.0,6.5,30.6,88.4,11.6,4.7,6.9,6.4,0.5,0.0,91.1,89.9,58.0,31.9,1.2,8.9,48.2,51.8,96.4,90.4,33.5,23.5,34.2,6.1,27.8,63.7,0.3,2.3,5.9,20.9,61.6,1.2,8.6,7.6,3.4,6.0,44.1,23.9,22.6,4.1,4.1,20.0,22.6,9.0,25.2,15.0,7.0,9.4,3.5,7.4,32.3,86.8,12.3,3.4,8.9,6.2,2.7,0.9,90.5,88.1,56.5,31.6,2.4,9.5,39.7,60.3,95.0,89.8,33.9,22.7,36.3,4.2,29.6,62.4,0.7,1.5,5.9,20.8,59.7,2.2,7.4,9.9,3.3,3.9,45.4,30.0,17.4,3.6,6.1,15.9,20.1,11.7,25.6,17.0,7.1,9.7,3.1,8.9,29.8,88.5,10.7,2.4,8.3,5.8,2.5,0.8,88.9,87.0,56.4,30.6,1.9,11.1,43.8,56.2,96.3,92.3,33.2,22.0,36.5,5.3,28.9,60.2,0.3,1.9,8.6,21.0,58.2,2.8,7.9,10.2,4.2,6.0,51.1,24.0,14.8,2.9,2.8,19.8,23.9,9.6,25.8,15.2,8.7,7.2,2.0,4.7,31.8,84.5,14.9,5.0,9.9,7.9,2.1,0.5,93.2,91.0,60.3,30.7,2.2,6.8,54.4,45.6,98.1,96.1,34.6,25.3,32.8,5.5,20.0,73.6,1.3,1.3,3.9,21.9,65.2,1.1,4.0,7.8,9.0,4.6,41.9,21.9,22.7,3.3,2.5,17.7,24.5,11.9,23.6,16.5,8.5,7.0,4.5,4.9,22.8,83.9,15.9,4.2,11.8,9.7,2.0,0.2,90.9,90.1,55.5,34.6,0.8,9.1,59.3,40.7,99.3,97.4,35.2,22.9,33.8,5.4,26.6,64.3,0.2,1.4,7.5,23.7,58.1,1.9,5.3,11.0
Smith,6.7,3.6,40.4,20.4,28.9,7.9,6.5,25.5,25.2,9.6,17.6,7.6,8.2,13.2,5.8,11.6,32.4,82.3,17.5,10.4,7.1,4.6,2.5,0.2,90.3,89.9,68.4,21.5,0.4,9.7,30.8,69.2,83.7,73.1,37.5,18.4,30.1,8.8,29.3,54.1,2.8,3.1,10.7,25.6,47.9,3.3,11.2,11.9,3.5,3.6,42.2,21.0,29.7,7.0,8.7,27.5,23.1,8.0,17.4,8.3,7.7,13.7,6.3,11.0,36.4,82.9,16.7,11.4,5.3,3.7,1.6,0.3,91.9,90.9,68.3,22.6,1.1,8.1,30.5,69.5,85.5,76.2,36.2,18.3,31.7,8.9,30.9,54.4,2.1,2.6,10.0,28.3,46.4,2.4,9.2,13.8,6.5,7.7,39.5,19.1,27.3,6.3,11.4,24.7,23.3,9.7,16.5,8.1,6.6,13.3,4.3,9.9,40.9,86.5,13.1,6.9,6.2,5.1,1.2,0.3,93.8,93.4,70.6,22.8,0.4,6.2,32.0,68.0,86.7,75.1,36.0,18.6,31.8,7.0,35.0,51.3,1.2,2.7,9.8,26.4,46.0,2.6,11.1,13.9,5.7,5.9,42.2,21.7,24.5,6.4,7.9,23.7,27.3,9.8,17.4,7.5,7.2,14.4,4.8,13.5,33.1,84.3,15.2,7.9,7.3,5.5,1.8,0.5,91.5,91.0,72.5,18.5,0.5,8.5,34.9,65.1,88.1,76.1,34.5,18.9,33.4,8.5,31.1,53.2,2.1,1.9,11.7,27.3,48.1,1.2,11.4,11.9,3.4,7.0,41.9,21.4,26.3,5.6,7.2,21.5,28.8,10.0,18.4,8.3,7.0,12.9,3.4,10.7,35.6,88.0,11.7,6.1,5.6,3.7,1.8,0.3,90.7,89.8,67.6,22.2,0.9,9.3,39.4,60.6,94.0,86.2,34.8,19.1,31.4,9.0,30.8,56.0,1.8,2.8,8.5,26.3,49.4,2.4,10.3,11.7,7.0,6.9,38.9,21.9,25.2,6.1,7.8,22.8,25.8,9.2,18.1,10.2,6.4,13.8,8.2,10.8,33.0,89.9,9.8,4.6,5.2,3.9,1.3,0.3,90.3,89.5,66.3,23.2,0.8,9.7,45.0,55.0,94.3,85.0,34.4,18.5,33.3,10.0,33.3,53.6,1.1,1.4,10.5,25.7,48.5,2.1,9.9,13.8,6.3,8.9,39.9,20.6,24.2,6.1,6.7,23.8,26.4,9.7,18.4,9.0,6.3,15.0,6.2,11.7,39.3,89.5,9.7,4.9,4.7,3.6,1.1,0.8,91.6,90.1,67.6,22.4,1.5,8.4,30.0,70.0,94.5,82.0,34.7,17.6,32.0,9.2,35.1,48.4,1.3,4.2,11.0,26.9,46.0,1.4,9.9,15.8
Tarrant,5.7,5.6,43.9,20.3,24.5,6.6,8.2,23.5,24.4,6.7,21.0,9.5,8.1,10.6,3.8,9.4,37.9,82.0,17.5,11.8,5.7,3.7,2.0,0.5,84.5,82.8,55.4,27.4,1.7,15.5,36.5,63.5,88.5,76.8,35.7,17.6,33.3,8.1,33.8,51.6,2.0,2.3,10.3,28.9,47.3,2.8,6.5,14.5,5.7,5.6,44.7,20.5,23.4,7.1,8.0,24.0,23.3,7.6,19.9,10.1,7.8,10.1,3.5,8.8,36.1,82.4,16.9,11.9,5.0,2.9,2.1,0.7,84.5,82.9,55.4,27.5,1.6,15.5,37.1,62.9,89.3,77.6,35.5,17.6,33.8,7.7,35.3,51.1,1.8,2.2,9.7,29.8,47.0,2.6,6.9,13.7,6.2,5.4,43.4,21.0,24.1,7.1,7.5,24.1,23.3,7.2,21.0,9.8,7.1,10.6,4.0,9.3,35.8,82.7,16.4,10.8,5.6,3.3,2.3,0.9,84.1,82.4,54.7,27.7,1.7,15.9,39.1,60.9,91.2,78.2,35.0,17.2,33.8,8.7,35.7,50.5,1.8,2.3,9.7,30.3,46.2,2.6,7.0,14.0,5.7,5.3,43.2,20.9,24.9,6.9,7.7,24.7,22.5,7.4,20.4,10.3,7.1,10.7,4.0,9.2,36.6,83.2,16.0,10.3,5.7,3.3,2.3,0.9,83.7,82.0,55.3,26.6,1.7,16.3,38.5,61.5,93.8,85.8,35.0,17.5,33.5,8.7,36.0,50.4,1.9,2.4,9.4,30.2,47.6,2.5,6.6,13.1,6.7,4.7,43.2,22.0,23.4,7.0,7.8,23.6,22.7,7.4,21.2,10.3,7.3,10.2,3.6,8.9,34.3,83.3,15.9,10.5,5.4,3.4,1.9,0.8,83.0,81.6,55.0,26.6,1.3,17.0,35.5,64.5,94.8,88.3,34.6,17.6,34.3,8.6,34.6,51.4,2.2,1.9,9.8,29.9,47.7,2.5,6.8,13.1,5.4,5.6,43.5,22.4,23.1,6.4,7.6,24.3,21.6,8.0,21.4,10.8,7.7,9.6,3.9,7.9,33.4,84.3,15.1,9.7,5.4,2.9,2.5,0.6,83.9,82.3,54.5,27.8,1.6,16.1,42.7,57.3,96.0,90.8,35.1,17.4,33.9,8.0,37.3,50.1,1.4,1.9,9.3,31.5,46.3,2.5,7.0,12.8,5.8,5.2,42.7,21.9,24.4,5.9,6.8,24.4,21.1,7.6,23.1,11.0,6.9,10.3,3.5,8.8,33.7,85.7,13.5,8.9,4.6,2.7,1.9,0.7,83.7,82.1,55.2,26.9,1.6,16.3,43.6,56.4,96.1,91.0,35.0,17.6,33.8,8.5,36.1,51.0,1.6,2.1,9.1,31.2,46.8,2.3,6.9,12.9
Taylor,7.7,5.1,38.1,16.2,32.9,6.5,8.8,28.2,23.8,7.3,17.6,7.8,11.9,18.3,5.3,17.0,48.8,72.7,26.9,18.6,8.3,5.4,2.9,0.4,95.0,94.0,70.8,23.2,1.0,5.0,33.8,66.2,81.8,66.8,39.0,18.9,28.5,6.6,34.2,52.8,2.3,2.4,8.3,28.3,48.9,3.2,8.7,10.9,4.9,7.3,36.0,18.2,33.5,6.0,7.7,27.4,27.2,7.1,17.3,7.4,10.5,15.8,4.4,14.6,42.9,73.5,25.1,15.4,9.8,6.8,2.9,1.4,95.7,94.3,67.1,27.2,1.4,4.3,48.9,51.1,88.9,73.4,38.0,19.5,29.6,7.0,33.3,51.7,1.7,1.8,11.5,27.0,48.9,3.7,8.4,11.9,5.6,5.2,36.1,18.5,34.6,4.7,6.2,30.6,26.1,9.5,15.3,7.5,11.2,13.7,3.8,10.2,47.4,78.9,20.9,13.1,7.8,5.6,2.2,0.2,94.0,91.8,64.8,27.0,2.2,6.0,45.8,54.2,86.1,66.5,37.9,17.0,30.3,7.8,39.3,44.2,2.3,3.3,10.9,28.6,45.3,3.6,9.8,12.7,6.8,5.7,39.7,17.0,30.8,5.1,6.2,36.0,23.2,7.0,15.2,7.4,10.3,19.1,7.8,18.1,43.8,79.5,19.5,12.7,6.8,5.0,1.8,1.0,93.9,92.5,68.5,24.0,1.4,6.1,43.1,56.9,88.6,74.6,37.5,18.3,29.9,6.2,38.0,50.3,2.0,2.0,7.7,30.8,44.5,2.8,8.7,13.3,4.8,4.3,44.3,16.9,29.6,4.8,7.7,30.5,24.4,8.4,15.2,9.1,11.0,12.7,3.2,10.3,40.1,78.0,21.3,12.8,8.5,5.0,3.5,0.7,92.1,90.3,63.5,26.8,1.8,7.9,48.1,51.9,89.2,75.8,39.0,18.6,29.4,6.8,34.7,51.0,2.3,2.5,9.5,29.6,44.4,2.7,8.5,14.9,5.7,4.1,39.0,17.6,33.6,3.8,7.4,29.7,24.0,7.9,18.0,9.3,10.7,15.6,5.4,12.5,47.6,75.1,24.2,14.4,9.7,6.6,3.1,0.7,93.9,92.0,69.6,22.4,1.8,6.1,43.0,57.0,91.8,82.9,38.0,18.2,30.2,6.9,34.0,49.8,1.9,3.3,11.0,30.9,43.1,3.6,7.9,14.5,5.2,4.9,36.9,20.6,32.3,3.4,5.3,31.1,25.1,8.4,17.4,9.4,9.8,14.8,5.2,12.5,40.4,81.2,18.0,8.6,9.4,6.7,2.7,0.8,93.9,92.1,66.4,25.7,1.8,6.1,47.1,52.9,92.1,84.7,38.3,18.6,30.0,7.2,36.7,49.9,1.4,3.4,8.6,31.7,43.6,3.1,10.2,11.4
Tom Green,7.6,7.2,40.3,17.9,27.1,9.2,9.3,28.0,22.3,8.8,15.9,6.4,10.7,12.9,4.5,9.6,40.4,76.5,23.1,12.0,11.1,5.1,6.0,0.4,93.5,92.2,69.3,22.9,1.3,6.5,44.4,55.6,82.1,71.2,39.9,19.6,28.9,6.5,32.4,50.0,1.1,2.2,14.3,26.5,49.8,2.9,8.6,12.1,4.2,4.8,41.9,18.5,30.7,8.0,9.4,30.1,23.0,8.1,14.1,7.3,11.9,18.1,10.4,14.5,45.7,81.5,17.9,10.4,7.5,3.6,3.9,0.6,93.0,90.1,68.6,21.5,3.0,7.0,54.4,45.6,78.8,68.2,38.4,17.6,26.9,12.0,36.7,45.1,1.7,3.9,12.6,24.7,45.9,3.1,10.5,15.8,6.5,4.0,41.1,20.2,28.2,8.6,8.0,29.3,23.0,7.4,16.6,7.0,11.5,13.6,5.7,11.7,34.4,84.0,15.5,6.8,8.7,4.5,4.1,0.5,92.4,90.4,68.5,21.9,2.0,7.6,68.7,31.3,80.3,71.5,39.7,17.7,30.8,5.8,40.7,44.4,1.7,2.8,10.3,30.1,43.8,1.7,9.4,15.0,5.6,3.6,39.5,18.7,32.6,4.7,11.0,28.2,24.8,6.3,17.0,8.0,12.0,12.8,6.6,9.2,37.1,80.5,19.3,9.5,9.8,4.6,5.1,0.3,93.6,92.0,67.7,24.4,1.5,6.4,48.1,51.9,89.5,75.7,38.7,17.9,30.6,7.0,37.2,45.4,4.7,3.2,9.4,28.9,45.2,2.6,8.1,15.2,5.4,5.8,41.5,21.3,26.2,5.2,5.8,31.8,26.3,7.6,15.5,7.8,8.6,13.5,5.2,9.6,42.0,79.0,20.7,13.4,7.3,3.9,3.5,0.3,95.1,93.9,69.9,24.0,1.2,4.9,46.2,53.8,88.8,76.4,37.4,18.2,31.4,7.4,37.8,50.3,1.0,3.0,7.9,30.0,44.6,2.8,8.0,14.7,5.4,3.8,42.8,19.3,28.7,4.4,7.0,33.5,24.0,6.9,17.2,6.9,10.3,13.0,4.2,11.6,32.2,88.1,11.8,5.5,6.3,4.4,1.9,0.0,94.4,93.7,69.5,24.1,0.8,5.6,48.0,52.0,91.8,79.3,38.8,17.7,32.6,5.0,37.2,46.5,0.5,4.8,11.0,28.4,47.1,2.2,6.6,15.7,6.4,5.1,36.3,18.9,33.3,6.0,6.6,29.8,27.2,6.4,13.6,10.5,10.0,15.9,7.2,12.5,42.8,83.8,15.7,8.0,7.7,4.9,2.7,0.5,93.4,92.0,69.5,22.5,1.4,6.6,40.2,59.8,93.1,87.9,38.6,18.6,28.3,9.6,34.1,50.4,1.0,2.0,12.5,29.1,45.1,2.5,7.7,15.6
Travis,6.9,4.4,38.2,15.7,34.8,6.2,5.8,17.3,19.4,5.4,29.4,16.5,6.2,9.9,5.0,8.7,35.1,78.4,20.5,12.7,7.8,4.9,3.0,1.1,82.0,80.2,52.7,27.5,1.8,18.0,32.2,67.8,90.6,81.9,39.0,16.0,27.4,6.9,44.4,43.6,1.7,1.3,9.0,36.1,42.5,2.9,5.7,12.7,7.1,5.3,37.5,16.2,33.9,6.2,5.3,17.4,20.0,5.5,28.3,17.4,5.5,8.4,3.5,7.1,33.5,79.4,19.5,11.9,7.6,4.4,3.2,1.0,82.3,80.2,53.6,26.6,2.1,17.7,30.7,69.3,91.3,82.2,38.8,15.9,27.7,6.9,44.6,43.7,1.7,1.4,8.7,36.7,42.2,2.7,5.1,13.3,6.3,4.8,37.8,17.5,33.6,7.0,4.7,17.5,17.8,6.0,30.6,16.5,5.5,8.1,3.5,6.6,32.0,81.6,17.5,10.9,6.6,3.8,2.8,0.9,82.0,80.3,51.7,28.6,1.7,18.0,33.5,66.5,92.2,82.5,38.7,16.7,27.8,6.4,43.7,44.4,1.4,1.5,9.0,35.9,44.1,2.2,5.7,12.1,7.1,4.2,40.2,15.9,32.6,6.2,5.0,16.7,19.6,5.4,30.3,16.9,5.5,8.1,3.9,6.4,31.7,82.1,17.1,10.6,6.5,3.6,2.8,0.8,83.1,81.3,53.3,28.0,1.7,16.9,38.5,61.5,95.3,86.7,39.0,16.3,27.1,7.4,43.7,43.7,1.6,1.4,9.5,37.5,43.0,1.9,5.2,12.4,6.9,4.5,39.8,17.1,31.7,4.8,4.9,18.1,16.9,5.9,31.6,17.8,5.4,8.3,4.2,6.9,28.2,80.4,18.4,10.9,7.5,4.3,3.3,1.2,82.2,80.2,53.2,27.0,1.9,17.8,35.2,64.8,95.8,89.7,38.5,17.0,27.0,7.2,41.8,45.5,1.5,1.3,9.9,36.4,44.3,1.9,4.4,13.0,7.3,3.8,39.3,18.6,31.0,5.7,5.0,16.1,16.2,5.1,32.3,19.6,5.3,8.5,3.7,7.3,27.2,80.4,18.8,11.5,7.3,4.2,3.2,0.8,82.3,80.4,52.1,28.3,1.9,17.7,35.5,64.5,96.8,91.7,39.7,17.3,26.4,6.4,43.3,45.4,1.2,1.4,8.8,35.7,44.9,2.0,5.2,12.2,7.1,4.7,38.5,17.8,31.9,5.9,4.2,15.8,15.7,5.7,32.6,20.0,4.9,8.8,4.3,7.3,28.3,80.1,18.9,11.8,7.1,4.1,3.0,1.0,81.7,80.0,50.5,29.5,1.7,18.3,35.0,65.0,95.4,90.4,40.8,17.7,25.8,5.8,42.5,46.3,1.3,1.5,8.4,35.8,45.3,2.3,5.0,11.5
Victoria,9.9,12.2,39.4,23.8,14.6,6.1,11.4,35.2,23.6,8.3,10.3,5.1,9.2,13.1,4.2,11.5,36.6,81.6,18.3,12.3,6.0,3.4,2.6,0.1,93.7,92.6,80.1,12.5,1.1,6.3,46.5,53.5,79.1,65.9,36.7,19.2,30.1,8.5,29.4,54.2,2.2,3.5,10.7,23.6,49.1,3.0,10.2,14.0,6.2,4.3,48.3,21.0,20.1,7.7,12.2,27.2,24.4,8.9,14.6,5.0,7.6,14.8,7.6,11.1,44.0,82.9,17.1,11.7,5.3,4.9,0.4,0.0,92.3,91.9,81.0,10.9,0.4,7.7,26.4,73.6,78.9,65.4,36.3,19.0,31.0,8.2,32.0,54.0,1.6,1.9,10.5,26.7,47.9,3.1,8.6,13.8,6.4,6.4,45.9,28.2,13.1,7.2,8.5,30.8,21.6,9.4,14.8,7.6,9.5,14.2,6.7,11.0,40.9,82.5,16.9,12.0,4.9,3.3,1.6,0.6,94.7,93.2,79.1,14.0,1.5,5.3,27.3,72.7,84.4,70.7,36.2,20.1,31.3,8.2,30.3,57.1,1.2,2.6,8.9,24.8,52.1,2.4,8.8,11.8,4.4,4.9,50.1,20.2,20.3,6.6,9.0,31.2,26.7,7.3,13.1,6.1,8.8,15.6,9.7,12.5,37.3,84.4,15.1,11.2,3.9,3.7,0.2,0.5,91.5,91.0,79.5,11.5,0.5,8.5,34.9,65.1,88.6,69.0,35.4,16.5,31.5,10.6,32.6,50.9,3.5,3.1,9.9,27.0,44.7,2.6,10.1,15.6,5.0,5.7,47.6,23.0,18.7,6.5,11.2,30.1,23.8,8.8,12.9,6.8,8.0,13.3,6.3,10.0,37.7,86.1,13.6,9.7,3.9,3.5,0.4,0.2,93.7,92.4,79.8,12.6,1.3,6.3,49.0,51.0,87.4,71.4,36.1,17.4,29.3,8.7,35.4,48.9,1.1,2.7,11.9,25.3,49.1,2.5,12.1,10.9,3.0,5.3,51.7,19.3,20.6,6.4,8.5,31.7,24.0,9.4,13.9,6.0,7.9,15.1,5.0,11.5,45.2,81.0,18.8,13.8,5.0,3.5,1.5,0.1,94.4,93.6,79.6,14.0,0.8,5.6,41.0,59.0,85.6,70.0,35.2,17.1,34.6,8.8,32.0,54.5,1.3,2.7,9.6,30.2,41.7,3.0,12.7,12.4,4.6,6.1,46.2,23.7,19.4,6.8,8.3,31.7,22.8,11.3,12.0,7.1,7.1,16.6,10.2,11.1,46.9,86.1,13.8,9.0,4.9,4.3,0.6,0.1,94.6,94.1,82.7,11.5,0.5,5.4,46.7,53.3,91.1,74.7,33.1,16.7,34.4,10.3,40.2,49.2,0.2,2.0,8.4,27.7,45.0,3.7,11.1,12.4
Walker,3.5,3.5,27.4,16.3,49.3,7.3,13.6,36.0,19.9,4.6,12.9,5.7,9.1,8.5,4.4,6.7,22.9,83.7,15.6,3.8,11.8,11.1,0.6,0.7,91.9,90.5,73.7,16.8,1.5,8.1,30.6,69.4,86.8,68.4,43.9,17.8,25.2,3.8,41.2,37.8,2.2,2.9,15.9,36.8,39.8,2.3,8.8,12.4,4.0,3.2,24.9,9.8,58.1,6.1,11.6,37.0,22.2,5.8,13.1,4.3,10.3,10.1,10.7,6.4,30.0,79.2,20.7,6.8,13.9,12.0,1.9,0.1,93.1,92.0,73.4,18.7,1.0,6.9,32.4,67.6,85.4,64.2,38.6,15.6,27.0,8.4,43.7,35.1,2.5,2.2,16.5,42.8,38.3,0.1,8.3,10.4,4.6,6.9,20.3,12.5,55.8,7.6,8.9,36.8,19.1,4.8,17.3,5.5,6.5,8.1,3.9,5.4,29.2,78.6,21.2,6.8,14.4,12.6,1.8,0.2,91.5,91.0,73.5,17.5,0.5,8.5,27.9,72.1,91.8,71.5,40.7,18.8,24.4,6.5,42.4,37.8,1.4,2.9,15.5,36.3,42.4,2.8,8.6,9.9,2.9,2.6,21.5,7.5,65.6,5.9,6.5,40.2,21.1,5.0,13.7,7.6,8.1,8.5,1.9,6.8,27.5,85.6,14.2,2.9,11.3,10.2,1.1,0.2,91.6,91.0,74.5,16.5,0.6,8.4,31.8,68.2,92.7,84.5,39.1,18.9,25.7,6.2,41.5,38.4,1.2,1.4,17.5,36.1,46.0,1.3,6.8,9.9,3.7,1.7,25.2,9.9,59.5,4.9,7.3,40.9,17.5,6.8,15.8,6.9,7.7,9.1,2.0,6.1,35.5,76.0,23.7,11.2,12.5,11.7,0.8,0.4,92.8,91.8,74.6,17.2,1.0,7.2,17.8,82.2,91.2,83.8,40.4,18.1,26.7,4.8,40.5,35.7,2.2,2.3,19.2,42.4,38.6,1.3,7.7,9.9,2.2,1.9,28.4,8.0,59.5,5.6,7.7,40.4,20.8,4.7,13.7,7.1,6.6,7.7,0.7,4.5,31.0,78.7,19.9,7.7,12.2,9.3,2.9,1.4,92.1,90.0,72.8,17.3,2.1,7.9,19.8,80.2,91.1,83.0,42.7,18.5,22.5,5.8,40.3,37.9,0.4,3.1,18.4,42.0,39.5,1.0,8.3,9.2,1.1,0.5,26.3,10.6,61.5,6.4,7.0,40.1,19.9,7.1,13.1,6.3,8.5,8.1,0.9,7.3,20.3,81.3,18.7,9.5,9.2,7.2,2.0,0.0,91.4,90.4,74.6,15.8,1.0,8.6,10.0,90.0,88.7,83.3,38.2,17.0,26.6,6.7,45.6,38.6,1.7,1.8,12.3,40.8,40.0,0.7,9.1,9.5
Webb,7.1,5.3,46.6,21.2,19.9,20.0,14.5,25.2,16.8,6.7,11.6,5.2,3.0,11.1,5.7,8.3,52.7,90.9,8.2,6.1,2.1,1.4,0.7,0.9,74.5,72.6,66.1,6.5,1.9,25.5,27.9,72.1,65.9,51.3,26.5,14.5,41.6,14.9,37.6,52.5,1.7,1.5,6.7,34.6,44.4,4.8,7.5,8.6,6.4,4.8,47.7,21.5,19.7,21.1,13.8,25.5,16.4,5.8,12.0,5.4,2.7,13.0,4.8,11.9,54.4,84.9,13.4,11.7,1.7,0.8,0.9,1.7,73.6,72.3,67.5,4.7,1.3,26.4,27.6,72.4,72.1,56.2,26.8,13.9,42.2,14.0,38.8,49.9,3.3,1.6,6.5,33.0,42.4,5.3,8.9,10.4,6.5,6.1,47.1,22.7,17.7,19.4,14.1,27.5,15.7,5.9,12.5,4.9,2.8,12.3,5.7,9.9,54.0,89.8,9.4,9.0,0.4,0.2,0.2,0.8,73.2,71.8,66.8,5.0,1.4,26.8,28.0,72.0,70.8,56.9,27.1,13.7,41.1,14.7,37.5,49.9,2.4,2.4,7.8,35.5,40.0,4.8,7.7,12.1,6.7,5.5,47.3,23.3,17.1,18.2,14.8,28.7,14.6,6.5,12.3,4.9,2.8,11.5,4.4,9.8,48.9,91.1,7.7,6.8,0.8,0.5,0.3,1.3,71.7,70.4,65.8,4.6,1.4,28.3,26.6,73.4,74.7,58.8,27.4,14.1,42.8,13.3,38.5,51.4,1.9,2.2,6.0,33.9,44.5,5.1,7.4,9.2,4.8,7.7,45.1,22.7,19.7,18.9,11.9,30.0,15.5,6.6,11.9,5.2,3.3,10.8,5.9,7.6,48.3,88.4,10.2,8.6,1.7,1.4,0.3,1.3,72.5,70.8,66.3,4.5,1.7,27.5,29.6,70.4,78.6,63.3,27.3,13.8,42.4,14.2,39.9,47.9,3.1,2.2,6.9,36.5,40.0,4.9,8.3,10.3,5.5,6.7,45.7,23.5,18.7,18.7,15.4,21.4,17.3,7.3,14.7,5.2,1.7,11.6,5.3,9.6,45.4,90.2,8.8,7.5,1.3,1.0,0.3,1.0,76.3,74.6,67.6,7.0,1.7,23.7,30.7,69.3,85.9,71.9,27.6,13.8,41.0,14.7,42.4,47.0,2.3,1.3,7.0,34.3,42.0,4.1,8.3,11.4,6.1,8.0,44.7,21.7,19.6,18.3,15.7,19.8,17.9,8.1,15.0,5.2,2.6,13.7,6.0,12.5,47.0,86.0,12.4,10.7,1.7,1.0,0.6,1.6,75.6,74.1,66.4,7.6,1.5,24.4,31.1,68.9,93.0,80.2,27.9,15.1,40.7,12.8,40.7,49.5,1.9,1.6,6.3,35.5,44.8,3.4,7.7,8.7
Wichita,9.3,5.7,38.4,17.0,29.5,4.3,9.0,32.7,26.7,7.0,13.8,6.5,11.5,15.5,5.4,13.5,42.8,80.6,18.4,9.6,8.8,3.6,5.2,1.0,93.6,92.0,64.2,27.9,1.5,6.4,44.5,55.5,83.9,72.5,42.3,18.5,28.5,5.5,41.0,43.4,1.1,2.9,11.6,26.3,44.5,3.8,10.6,14.9,7.4,6.2,40.1,17.8,28.5,4.7,8.2,32.6,24.6,7.1,16.0,6.7,12.4,16.2,4.3,15.1,42.1,80.6,18.5,9.1,9.4,4.7,4.7,0.8,93.1,90.9,59.7,31.2,2.2,6.9,32.2,67.8,82.3,65.2,40.0,17.6,28.6,8.7,40.4,41.3,2.3,2.3,13.8,29.0,44.4,2.8,11.3,12.5,5.1,5.0,42.0,20.3,27.7,6.8,10.2,31.6,21.8,7.3,14.7,7.7,10.3,16.8,6.1,14.4,45.3,82.0,17.5,8.4,9.0,4.6,4.5,0.5,92.3,91.2,62.3,28.9,1.1,7.7,43.0,57.0,83.1,67.6,41.3,18.4,27.7,6.4,41.1,40.9,2.0,2.3,13.7,27.3,47.0,1.6,10.7,13.3,3.3,5.7,45.1,18.0,27.9,5.6,8.7,29.4,24.9,7.6,16.1,7.7,10.7,17.1,3.8,15.7,45.0,75.1,24.6,13.6,10.9,6.8,4.1,0.3,94.0,92.7,61.3,31.4,1.3,6.0,32.6,67.4,86.9,77.1,42.7,19.3,27.5,6.3,39.7,45.3,1.3,3.3,10.4,28.0,46.0,2.6,10.9,12.5,5.0,6.4,38.5,19.7,30.5,4.1,7.8,34.4,22.9,8.5,16.6,5.8,10.8,16.8,3.0,14.7,47.6,79.2,19.7,10.1,9.6,2.5,7.0,1.2,93.2,91.1,61.1,30.1,2.1,6.8,34.8,65.2,88.9,76.8,41.5,17.4,29.8,6.6,41.5,43.5,1.5,2.7,10.8,30.0,45.2,1.7,9.4,13.7,6.1,3.3,41.2,19.4,30.0,4.5,8.7,31.4,24.6,8.2,14.1,8.6,12.5,16.8,3.7,15.7,43.0,80.0,18.8,9.1,9.7,5.2,4.5,1.1,93.3,91.0,60.4,30.5,2.3,6.7,46.4,53.6,90.5,81.7,39.5,17.7,30.2,6.2,38.7,47.6,0.8,2.4,10.5,28.9,42.1,4.0,10.6,14.5,7.6,6.9,40.5,16.1,28.9,3.5,8.5,34.9,23.2,7.7,13.2,9.1,10.9,15.4,5.6,13.7,37.5,84.1,15.1,7.2,7.9,4.1,3.8,0.8,94.6,93.0,63.4,29.6,1.6,5.4,46.3,53.7,87.4,81.8,40.6,18.2,28.2,7.6,40.6,44.8,1.4,2.3,10.8,26.4,47.8,2.3,10.8,12.7
Williamson,6.9,6.2,44.4,20.5,22.1,3.5,5.1,19.5,25.2,8.1,26.0,12.7,8.6,9.1,3.2,8.0,31.4,81.5,18.1,6.9,11.1,7.8,3.3,0.4,88.6,87.1,53.7,33.4,1.5,11.4,41.7,58.3,93.0,87.3,34.7,20.3,33.7,6.6,29.1,59.4,1.5,1.2,8.8,23.7,54.9,2.3,6.3,12.9,7.1,5.6,45.6,21.4,20.2,3.3,3.6,21.6,24.2,7.8,26.2,13.2,9.5,8.8,2.9,7.2,32.7,81.1,18.3,7.5,10.8,6.9,3.8,0.7,88.2,86.2,53.2,33.0,2.0,11.8,43.6,56.4,92.3,86.7,34.0,19.6,33.8,6.9,31.5,57.4,1.0,1.2,8.9,25.4,53.0,1.5,6.2,13.9,7.2,5.2,46.9,20.4,20.4,3.1,3.8,20.4,23.1,9.2,26.5,13.9,8.6,9.5,4.2,8.0,30.7,83.5,16.0,7.0,8.9,6.4,2.5,0.6,88.1,86.2,52.5,33.7,1.9,11.9,49.2,50.8,93.9,89.0,34.0,19.8,34.1,6.8,31.4,56.9,1.1,1.6,9.0,25.5,52.6,2.7,7.0,12.2,7.6,5.1,43.7,21.7,21.9,2.7,3.4,20.4,24.0,8.8,27.9,12.7,9.7,9.7,3.0,7.9,33.9,80.9,18.0,8.0,9.9,6.5,3.4,1.2,88.9,86.8,52.9,33.9,2.1,11.1,49.1,50.9,97.3,92.6,33.0,19.7,35.2,6.7,31.3,56.6,1.6,1.8,8.7,25.1,53.2,1.9,6.4,13.4,7.1,4.4,46.0,23.6,18.9,3.6,3.4,21.5,22.2,8.4,27.4,13.5,8.6,9.5,2.7,8.3,30.4,83.7,15.4,7.3,8.1,5.6,2.4,0.9,87.1,85.4,50.3,35.0,1.8,12.9,45.0,55.0,96.9,91.8,33.2,19.3,34.7,7.8,32.8,54.8,1.6,2.1,8.8,26.5,52.1,1.7,6.4,13.3,6.3,6.1,43.5,23.8,20.4,3.1,3.9,19.2,21.2,9.3,28.2,15.1,8.0,10.5,2.8,8.9,35.1,82.4,17.0,8.3,8.8,5.3,3.5,0.5,87.0,85.3,51.7,33.6,1.8,13.0,45.2,54.8,97.5,93.5,32.9,19.3,33.6,7.9,32.8,55.6,1.5,1.8,8.2,26.8,51.1,1.9,6.3,13.9,7.8,6.0,41.5,23.1,21.5,3.1,3.3,21.1,22.5,8.4,28.4,13.3,8.6,9.6,2.9,8.6,28.7,81.8,17.4,7.3,10.1,6.7,3.4,0.8,86.6,84.3,50.1,34.2,2.3,13.4,46.8,53.2,97.7,95.3,32.9,18.9,34.3,7.7,34.5,54.0,1.3,2.1,8.2,28.7,49.2,1.5,6.7,13.8
